ros_time_sec,fx,fy,fz,mx,my,mz,ee_x,ee_y,ee_z,ee_qx,ee_qy,ee_qz,ee_qw,tag_visible,tag_id,tag_roll(rad),tag_pitch(rad),tag_yaw(rad),tag_tx(m),tag_ty(m),tag_tz(m)
1763677654.479715,-0.014482613,0.003107233,-0.006351280,-0.000115993,0.000211167,0.000018293,0.000000000,0.000000000,0.000000000,0.000000000,0.000000000,0.000000000,0.000000000,1,0,-3.090443190,0.053301472,0.024331269,0.070407037,-0.036530009,0.578366224
1763677654.481701,0.000219387,0.007443233,0.015156720,0.000288007,-0.000400833,0.000461293,0.000000000,0.000000000,0.000000000,0.000000000,0.000000000,0.000000000,0.000000000,1,0,-3.083506257,0.052816029,0.023987060,0.070408536,-0.036527047,0.578334952
1763677654.483702,0.061652387,-0.018614767,-0.010831280,-0.000698993,-0.002685833,-0.000619707,0.000000000,0.000000000,0.000000000,0.000000000,0.000000000,0.000000000,0.000000000,1,0,-3.093632011,0.055016285,0.024366427,0.070424149,-0.036542846,0.578467802
1763677654.485705,0.000903387,-0.000979767,-0.003853280,0.000439007,-0.000194833,-0.000180707,0.000000000,0.000000000,0.000000000,0.000000000,0.000000000,0.000000000,0.000000000,1,0,-3.091699626,0.061428076,0.024899271,0.070419054,-0.036537991,0.578504924
1763677654.487710,0.000546387,0.007373233,0.000080720,0.000291007,-0.000364833,0.000854293,0.000000000,0.000000000,0.000000000,0.000000000,0.000000000,0.000000000,0.000000000,1,0,-3.086457963,0.050417302,0.023457955,0.070404026,-0.036528986,0.578308163
1763677654.489704,0.008024387,0.015790233,0.000573720,-0.000113993,0.000078167,0.000238293,0.000000000,0.000000000,0.000000000,0.000000000,0.000000000,0.000000000,0.000000000,1,0,-3.086457963,0.050417302,0.023457955,0.070404026,-0.036528986,0.578308163
1763677654.491710,0.054287387,-0.014548767,-0.012897280,-0.000436993,-0.002491833,-0.001296707,0.000000000,0.000000000,0.000000000,0.000000000,0.000000000,0.000000000,0.000000000,1,0,-3.092612545,0.047059317,0.024055269,0.070384270,-0.036509357,0.578123190
1763677654.493706,0.015465387,0.015871233,0.015598720,0.000293007,-0.000175833,-0.000276707,0.000000000,0.000000000,0.000000000,0.000000000,0.000000000,0.000000000,0.000000000,1,0,-3.089079935,0.055824417,0.024288597,0.070419172,-0.036540475,0.578452724
1763677654.495709,-0.030052613,-0.009252767,0.011804720,-0.000387993,0.000211167,-0.000738707,0.000000000,0.000000000,0.000000000,0.000000000,0.000000000,0.000000000,0.000000000,1,0,-3.085852474,0.054230368,0.024056761,0.070408810,-0.036525986,0.578394791
1763677654.497732,-0.006776613,-0.005751767,-0.011615280,0.000032007,0.000365167,0.000765293,0.000000000,0.000000000,0.000000000,0.000000000,0.000000000,0.000000000,0.000000000,1,0,-3.086529538,0.051561798,0.024239615,0.070389589,-0.036525087,0.578263382
1763677654.499713,0.046914387,-0.002656767,-0.012011280,0.000888007,-0.002913833,-0.000150707,0.000000000,0.000000000,0.000000000,0.000000000,0.000000000,0.000000000,0.000000000,1,0,-3.078447430,0.048492491,0.023916257,0.070400103,-0.036513553,0.578269489
1763677654.501723,0.023086387,0.016308233,0.005641720,-0.000236993,-0.000296833,-0.000028707,0.000000000,0.000000000,0.000000000,0.000000000,0.000000000,0.000000000,0.000000000,1,0,-3.089138028,0.051017281,0.023799814,0.070409502,-0.036532811,0.578362988
1763677654.503742,0.015461387,-0.001206767,0.005618720,-0.000228993,0.000137167,0.000690293,0.000000000,0.000000000,0.000000000,0.000000000,0.000000000,0.000000000,0.000000000,1,0,-3.083894544,0.051582421,0.023883232,0.070407618,-0.036529412,0.578364433
1763677654.505726,-0.044397613,-0.015378767,-0.019951280,-0.000118993,0.002011167,-0.000380707,0.000000000,0.000000000,0.000000000,0.000000000,0.000000000,0.000000000,0.000000000,1,0,-3.095399296,0.054237982,0.024343630,0.070419505,-0.036543003,0.578461727
1763677654.507722,-0.006835613,-0.005094767,-0.006186280,-0.000101993,-0.000005833,-0.000010707,0.000000000,0.000000000,0.000000000,0.000000000,0.000000000,0.000000000,0.000000000,1,0,-3.096531667,0.057677428,0.024305526,0.070411405,-0.036541522,0.578399837
1763677654.509735,-0.007651613,0.003212233,0.018155720,-0.000387993,0.000071167,0.000245293,0.000000000,0.000000000,0.000000000,0.000000000,0.000000000,0.000000000,0.000000000,1,0,-3.096947592,0.051550569,0.024148680,0.070406447,-0.036536166,0.578312138
1763677654.511781,0.008228387,0.002974233,-0.001781280,0.000169007,0.000049167,0.000399293,0.000000000,0.000000000,0.000000000,0.000000000,0.000000000,0.000000000,0.000000000,1,0,-3.077747112,0.050815576,0.023589939,0.070409183,-0.036523750,0.578374720
1763677654.513731,-0.030294613,0.027672233,0.018494720,-0.000024993,0.000952167,-0.000802707,0.000000000,0.000000000,0.000000000,0.000000000,0.000000000,0.000000000,0.000000000,1,0,-3.092786246,0.052911260,0.024177834,0.070409698,-0.036533579,0.578367038
1763677654.515795,-0.007324613,0.007323233,0.010575720,0.000014007,-0.000019833,0.000208293,0.000000000,0.000000000,0.000000000,0.000000000,0.000000000,0.000000000,0.000000000,1,0,-3.104026497,0.053553964,0.024525185,0.070419827,-0.036540251,0.578441413
1763677654.517764,-0.030408613,0.007638233,0.020729720,-0.000274993,-0.000115833,-0.000186707,0.000000000,0.000000000,0.000000000,0.000000000,0.000000000,0.000000000,0.000000000,1,0,-3.098348657,0.050343413,0.023936626,0.070391619,-0.036530637,0.578201680
1763677654.519753,-0.030023613,0.003541233,0.008382720,-0.000131993,-0.000265833,-0.000124707,0.000000000,0.000000000,0.000000000,0.000000000,0.000000000,0.000000000,0.000000000,1,0,-3.075567773,0.051623854,0.023597840,0.070402093,-0.036523582,0.578325315
1763677654.521755,0.008522387,-0.013439767,-0.016296280,-0.000213993,-0.000129833,0.000602293,0.000000000,0.000000000,0.000000000,0.000000000,0.000000000,0.000000000,0.000000000,1,0,-3.093552018,0.050544278,0.024066959,0.070381498,-0.036524612,0.578234791
1763677654.523744,0.039775387,-0.018614767,-0.029514280,-0.000166993,-0.002474833,-0.002116707,0.000000000,0.000000000,0.000000000,0.000000000,0.000000000,0.000000000,0.000000000,1,0,-3.087129114,0.057487193,0.024186891,0.070406097,-0.036527860,0.578438455
1763677654.525723,0.054749387,-0.020301767,-0.030067280,-0.000159993,-0.001169833,-0.000828707,0.000000000,0.000000000,0.000000000,0.000000000,0.000000000,0.000000000,0.000000000,1,0,-3.075065083,0.055116688,0.023880931,0.070426052,-0.036524763,0.578451099
1763677654.527725,-0.022342613,0.011683233,0.007987720,0.000269007,-0.000268833,0.000036293,0.000000000,0.000000000,0.000000000,0.000000000,0.000000000,0.000000000,0.000000000,1,0,-3.095812720,0.052747896,0.024254383,0.070405563,-0.036529225,0.578261387
1763677654.529771,-0.021628613,0.006707233,-0.014067280,0.000684007,0.000338167,0.000121293,0.000000000,0.000000000,0.000000000,0.000000000,0.000000000,0.000000000,0.000000000,1,0,-3.095273383,0.055780352,0.024315119,0.070403483,-0.036532414,0.578354086
1763677654.531752,0.008188387,0.015351233,-0.004280280,0.000022007,0.000457167,0.000249293,0.000000000,0.000000000,0.000000000,0.000000000,0.000000000,0.000000000,0.000000000,1,0,-3.080831730,0.054850802,0.023639058,0.070408411,-0.036534100,0.578449565
1763677654.533735,0.016043387,-0.013849767,-0.010442280,-0.000342993,0.000597167,-0.000288707,0.000000000,0.000000000,0.000000000,0.000000000,0.000000000,0.000000000,0.000000000,1,0,-3.088852019,0.052625285,0.024225968,0.070403123,-0.036525444,0.578361612
1763677654.535773,-0.014470613,-0.003189767,0.009835720,-0.000103993,-0.001340833,-0.002202707,0.000000000,0.000000000,0.000000000,0.000000000,0.000000000,0.000000000,0.000000000,1,0,-3.065141310,0.047184040,0.022669530,0.070399536,-0.036509044,0.578243603
1763677654.537768,-0.022441613,0.011012233,0.013798720,0.000134007,0.000675167,-0.000723707,0.000000000,0.000000000,0.000000000,0.000000000,0.000000000,0.000000000,0.000000000,1,0,-3.098148118,0.052756723,0.024175256,0.070403626,-0.036531560,0.578293616
1763677654.539753,0.000509387,0.015748233,0.001105720,-0.000117993,0.000303167,-0.000395707,0.000000000,0.000000000,0.000000000,0.000000000,0.000000000,0.000000000,0.000000000,1,0,-3.085564637,0.049548274,0.023762019,0.070410623,-0.036526741,0.578322551
1763677654.541754,0.023470387,-0.001494767,-0.003823280,0.000051007,0.000461167,0.000197293,0.000000000,0.000000000,0.000000000,0.000000000,0.000000000,0.000000000,0.000000000,1,0,-3.077281691,0.049273700,0.023539028,0.070399862,-0.036521350,0.578281460
1763677654.543777,-0.015447613,0.011487233,0.028084720,-0.000269993,0.000192167,-0.000113707,0.000000000,0.000000000,0.000000000,0.000000000,0.000000000,0.000000000,0.000000000,1,0,-3.083761188,0.055039311,0.024235749,0.070400546,-0.036520289,0.578348668
1763677654.545763,0.008111387,0.011840233,0.008414720,0.000295007,-0.000262833,-0.000475707,0.000000000,0.000000000,0.000000000,0.000000000,0.000000000,0.000000000,0.000000000,1,0,-3.092057992,0.051956313,0.024236386,0.070407877,-0.036534332,0.578348409
1763677654.547755,0.015848387,-0.010293767,-0.008856280,-0.000215993,0.000835167,0.000811293,0.000000000,0.000000000,0.000000000,0.000000000,0.000000000,0.000000000,0.000000000,1,0,-3.089444347,0.052907527,0.024227669,0.070416893,-0.036534605,0.578389543
1763677654.549819,-0.007070613,0.010661233,0.002899720,0.000415007,0.000544167,0.000561293,0.000000000,0.000000000,0.000000000,0.000000000,0.000000000,0.000000000,0.000000000,1,0,-3.099026338,0.054351998,0.024655480,0.070410972,-0.036537239,0.578365518
1763677654.551779,-0.022221613,0.007354233,0.006306720,0.000141007,0.000147167,-0.000672707,0.000000000,0.000000000,0.000000000,0.000000000,0.000000000,0.000000000,0.000000000,1,0,-3.093987058,0.053190628,0.024122754,0.070398393,-0.036533922,0.578283990
1763677654.553759,-0.030029613,0.015363233,0.006362720,-0.000277993,0.000803167,-0.000648707,0.000000000,0.000000000,0.000000000,0.000000000,0.000000000,0.000000000,0.000000000,1,0,-3.081191826,0.051618581,0.023803647,0.070408033,-0.036527779,0.578350938
1763677654.555760,-0.007458613,0.006043233,0.020256720,0.000548007,0.000754167,0.000605293,0.000000000,0.000000000,0.000000000,0.000000000,0.000000000,0.000000000,0.000000000,1,0,-3.089184072,0.055083368,0.024596816,0.070407481,-0.036534010,0.578381520
1763677654.557751,0.001099387,-0.013705767,-0.015063280,-0.000216993,0.000541167,-0.000790707,0.000000000,0.000000000,0.000000000,0.000000000,0.000000000,0.000000000,0.000000000,1,0,-3.082831925,0.052437520,0.023534900,0.070414733,-0.036528506,0.578387161
1763677654.559764,-0.006770613,-0.010385767,-0.012725280,-0.000498993,0.001443167,-0.000328707,0.000000000,0.000000000,0.000000000,0.000000000,0.000000000,0.000000000,0.000000000,1,0,-3.076783581,0.051714966,0.023468678,0.070405014,-0.036516937,0.578295459
1763677654.561749,0.015745387,-0.005166767,-0.006284280,-0.000488993,0.000211167,0.000362293,0.000000000,0.000000000,0.000000000,0.000000000,0.000000000,0.000000000,0.000000000,1,0,-3.098081552,0.053860865,0.024237179,0.070407786,-0.036534057,0.578348625
1763677654.563759,0.007905387,0.019310233,0.007622720,0.000282007,0.000383167,0.000577293,0.000000000,0.000000000,0.000000000,0.000000000,0.000000000,0.000000000,0.000000000,1,0,-3.099968911,0.054116421,0.024446646,0.070400985,-0.036542515,0.578323843
1763677654.565771,-0.029692613,-0.009877767,-0.002792280,-0.000383993,0.000908167,-0.000719707,0.000000000,0.000000000,0.000000000,0.000000000,0.000000000,0.000000000,0.000000000,1,0,-3.080512899,0.054872431,0.024031361,0.070408105,-0.036528083,0.578406879
1763677654.567750,0.007575387,0.003290233,0.018368720,-0.000374993,0.000074167,-0.000010707,0.000000000,0.000000000,0.000000000,0.000000000,0.000000000,0.000000000,0.000000000,1,0,-3.106345787,0.051118626,0.025012379,0.070400507,-0.036538057,0.578274949
1763677654.569774,-0.015090613,0.019045233,0.017459720,0.000396007,0.000502167,0.000576293,0.000000000,0.000000000,0.000000000,0.000000000,0.000000000,0.000000000,0.000000000,1,0,-3.089349852,0.052790836,0.024178694,0.070412837,-0.036526877,0.578322360
1763677654.571798,0.046610387,-0.005027767,-0.016615280,0.000211007,-0.000349833,0.000631293,0.000000000,0.000000000,0.000000000,0.000000000,0.000000000,0.000000000,0.000000000,1,0,-3.090043959,0.052621145,0.024683122,0.070403044,-0.036523939,0.578317010
1763677654.573783,-0.022443613,0.002473233,0.008808720,-0.000126993,0.000832167,-0.000239707,0.000000000,0.000000000,0.000000000,0.000000000,0.000000000,0.000000000,0.000000000,1,0,-3.086926825,0.055190919,0.024737677,0.070422296,-0.036542772,0.578523872
1763677654.575807,-0.022651613,-0.000976767,0.016835720,-0.000525993,0.000491167,-0.000972707,0.000000000,0.000000000,0.000000000,0.000000000,0.000000000,0.000000000,0.000000000,1,0,-3.085840403,0.050341027,0.023569635,0.070406844,-0.036524341,0.578312765
1763677654.577796,0.000670387,0.002412233,-0.006234280,-0.000104993,0.000868167,0.000151293,0.000000000,0.000000000,0.000000000,0.000000000,0.000000000,0.000000000,0.000000000,1,0,-3.090505473,0.051857704,0.023604407,0.070406519,-0.036527232,0.578304883
1763677654.579796,-0.030258613,0.011746233,0.018131720,-0.000008993,-0.000146833,-0.000229707,0.000000000,0.000000000,0.000000000,0.000000000,0.000000000,0.000000000,0.000000000,1,0,-3.087907041,0.052891900,0.024000618,0.070417141,-0.036536316,0.578391573
1763677654.581777,0.000669387,0.011583233,0.003389720,0.000424007,-0.000105833,-0.000338707,0.000000000,0.000000000,0.000000000,0.000000000,0.000000000,0.000000000,0.000000000,1,0,-3.094606350,0.049726698,0.024574127,0.070410950,-0.036535258,0.578362046
1763677654.583793,-0.014677613,0.003292233,0.003391720,0.000016007,-0.000106833,0.000010293,0.000000000,0.000000000,0.000000000,0.000000000,0.000000000,0.000000000,0.000000000,1,0,-3.083849918,0.051745559,0.023996098,0.070402574,-0.036526648,0.578352915
1763677654.585782,-0.022519613,-0.000860767,0.011502720,-0.000390993,0.000208167,-0.000586707,0.000000000,0.000000000,0.000000000,0.000000000,0.000000000,0.000000000,0.000000000,1,0,-3.094182353,0.052770234,0.024556096,0.070403379,-0.036525902,0.578301943
1763677654.587804,-0.007305613,0.006325233,0.011181720,0.000015007,0.001080167,-0.000160707,0.000000000,0.000000000,0.000000000,0.000000000,0.000000000,0.000000000,0.000000000,1,0,-3.083744802,0.051117358,0.024052582,0.070405270,-0.036519820,0.578308268
1763677654.589778,-0.022056613,0.006915233,0.001452720,0.000277007,0.000525167,-0.000661707,0.000000000,0.000000000,0.000000000,0.000000000,0.000000000,0.000000000,0.000000000,1,0,-3.088007052,0.048228679,0.024309547,0.070393419,-0.036519202,0.578222310
1763677654.591781,-0.014860613,0.023650233,0.011342720,-0.000005993,0.000865167,-0.001003707,0.000000000,0.000000000,0.000000000,0.000000000,0.000000000,0.000000000,0.000000000,1,0,-3.095334025,0.050977311,0.024357165,0.070384568,-0.036519228,0.578176309
1763677654.593775,0.038763387,-0.006929767,0.006414720,0.000210007,-0.002255833,-0.001138707,0.000000000,0.000000000,0.000000000,0.000000000,0.000000000,0.000000000,0.000000000,1,0,-3.078093087,0.049597688,0.023633808,0.070409814,-0.036523609,0.578363284
1763677654.595791,-0.037528613,-0.013312767,0.008806720,-0.000120993,-0.000261833,-0.000175707,0.000000000,0.000000000,0.000000000,0.000000000,0.000000000,0.000000000,0.000000000,1,0,-3.087557950,0.051073827,0.023549660,0.070408158,-0.036528595,0.578337748
1763677654.597778,-0.022725613,0.010790233,0.018205720,-0.000003993,0.000728167,0.000034293,0.000000000,0.000000000,0.000000000,0.000000000,0.000000000,0.000000000,0.000000000,1,0,-3.099400095,0.053240692,0.024567292,0.070395534,-0.036527321,0.578214590
1763677654.599796,0.008289387,-0.005866767,-0.011181280,-0.000359993,0.000807167,0.000504293,0.000000000,0.000000000,0.000000000,0.000000000,0.000000000,0.000000000,0.000000000,1,0,-3.086597367,0.051596525,0.023663855,0.070400044,-0.036528119,0.578308274
1763677654.601782,0.054157387,-0.012103767,-0.010355280,-0.000308993,-0.000930833,-0.000946707,0.000000000,0.000000000,0.000000000,0.000000000,0.000000000,0.000000000,0.000000000,1,0,-3.084333001,0.051528701,0.023953169,0.070409068,-0.036529742,0.578377015
1763677654.603797,0.030940387,0.007199233,0.000284720,0.000315007,-0.000143833,0.000727293,0.000000000,0.000000000,0.000000000,0.000000000,0.000000000,0.000000000,0.000000000,1,0,-3.088062963,0.054283350,0.024217878,0.070399655,-0.036525461,0.578342879
1763677654.605803,-0.007220613,-0.000997767,0.006159720,-0.000243993,0.000144167,-0.000072707,0.000000000,0.000000000,0.000000000,0.000000000,0.000000000,0.000000000,0.000000000,1,0,-3.085661696,0.054447938,0.023845805,0.070415567,-0.036532532,0.578414901
1763677654.607824,0.061551387,-0.014295767,-0.002891280,-0.000702993,-0.002588833,-0.001439707,0.000000000,0.000000000,0.000000000,0.000000000,0.000000000,0.000000000,0.000000000,1,0,-3.101672117,0.056929397,0.024850023,0.070406304,-0.036533632,0.578331304
1763677654.609803,0.054308387,-0.003638767,-0.015458280,-0.000180993,-0.000991833,-0.001041707,0.000000000,0.000000000,0.000000000,0.000000000,0.000000000,0.000000000,0.000000000,1,0,-3.104527570,0.052606800,0.024830710,0.070390672,-0.036526494,0.578170181
1763677654.611805,0.046487387,0.001909233,0.001003720,0.000343007,-0.002756833,-0.000985707,0.000000000,0.000000000,0.000000000,0.000000000,0.000000000,0.000000000,0.000000000,1,0,-3.088952144,0.050540285,0.023871988,0.070407349,-0.036524471,0.578338010
1763677654.613812,-0.014762613,0.010615233,0.008413720,0.000275007,0.000829167,-0.000078707,0.000000000,0.000000000,0.000000000,0.000000000,0.000000000,0.000000000,0.000000000,1,0,-3.087098594,0.054065757,0.024105713,0.070406220,-0.036526378,0.578358219
1763677654.616024,0.076832387,-0.032128767,-0.008086280,-0.000540993,-0.001997833,-0.000331707,0.000000000,0.000000000,0.000000000,0.000000000,0.000000000,0.000000000,0.000000000,1,0,-3.064859072,0.047449289,0.022611966,0.070394013,-0.036504303,0.578227546
1763677654.617823,0.008520387,0.009260233,0.000446720,0.000707007,-0.002106833,-0.000430707,0.000000000,0.000000000,0.000000000,0.000000000,0.000000000,0.000000000,0.000000000,1,0,-3.096406899,0.053620335,0.024658188,0.070400898,-0.036531390,0.578270249
1763677654.619818,-0.014601613,0.006627233,0.000697720,0.000280007,0.000516167,0.000356293,0.000000000,0.000000000,0.000000000,0.000000000,0.000000000,0.000000000,0.000000000,1,0,-3.098374326,0.052626050,0.024593872,0.070393726,-0.036525701,0.578195535
1763677654.621816,-0.014945613,-0.000487767,0.011194720,-0.000384993,-0.000231833,-0.000337707,0.000000000,0.000000000,0.000000000,0.000000000,0.000000000,0.000000000,0.000000000,1,0,-3.100646223,0.049045074,0.024527570,0.070383471,-0.036521267,0.578173986
1763677654.623817,0.015862387,0.010643233,0.011566720,0.000042007,-0.002628833,-0.002116707,0.000000000,0.000000000,0.000000000,0.000000000,0.000000000,0.000000000,0.000000000,1,0,-3.077490009,0.043803716,0.023122697,0.070392303,-0.036509186,0.578191535
1763677654.625899,0.008497387,0.004549233,-0.005775280,-0.000093993,-0.000873833,-0.001142707,0.000000000,0.000000000,0.000000000,0.000000000,0.000000000,0.000000000,0.000000000,1,0,-3.095801350,0.048483237,0.023934676,0.070393498,-0.036526967,0.578246476
1763677654.627878,0.000962387,-0.027882767,-0.007867280,0.000194007,0.001502167,0.000142293,0.000000000,0.000000000,0.000000000,0.000000000,0.000000000,0.000000000,0.000000000,1,0,-3.090265355,0.052457315,0.024134442,0.070413201,-0.036533389,0.578357303
1763677654.629874,0.015564387,0.003013233,0.002669720,0.000037007,-0.000115833,0.001026293,0.000000000,0.000000000,0.000000000,0.000000000,0.000000000,0.000000000,0.000000000,1,0,-3.079671400,0.048477966,0.023618435,0.070395706,-0.036514581,0.578228874
1763677654.631823,0.023714387,0.003553233,-0.010068280,-0.000349993,0.000385167,-0.001386707,0.000000000,0.000000000,0.000000000,0.000000000,0.000000000,0.000000000,0.000000000,1,0,-3.089287758,0.048386935,0.023726699,0.070384734,-0.036510922,0.578153805
1763677654.633816,0.022804387,0.018471233,0.017259720,0.000424007,0.000937167,0.001087293,0.000000000,0.000000000,0.000000000,0.000000000,0.000000000,0.000000000,0.000000000,1,0,-3.082313042,0.048007591,0.023535457,0.070401952,-0.036521389,0.578303929
1763677654.635811,-0.000017613,-0.005431767,0.018447720,-0.000373993,0.000292167,0.000222293,0.000000000,0.000000000,0.000000000,0.000000000,0.000000000,0.000000000,0.000000000,1,0,-3.089639744,0.049899085,0.024230889,0.070391754,-0.036511874,0.578223595
1763677654.637829,0.007755387,-0.001695767,0.011258720,-0.000369993,0.000861167,0.000055293,0.000000000,0.000000000,0.000000000,0.000000000,0.000000000,0.000000000,0.000000000,1,0,-3.088423968,0.052372996,0.024007954,0.070397907,-0.036520708,0.578294601
1763677654.639819,0.039095387,0.014436233,-0.001185280,0.000597007,-0.002562833,-0.001764707,0.000000000,0.000000000,0.000000000,0.000000000,0.000000000,0.000000000,0.000000000,1,0,-3.098215578,0.051611128,0.024189365,0.070406159,-0.036535642,0.578309561
1763677654.641834,0.007814387,0.018726233,0.012287720,0.000549007,0.000659167,0.000965293,0.000000000,0.000000000,0.000000000,0.000000000,0.000000000,0.000000000,0.000000000,1,0,-3.079713887,0.049827407,0.023695445,0.070408150,-0.036527816,0.578359749
1763677654.643824,-0.014569613,0.015419233,0.000798720,0.000273007,0.000300167,-0.000129707,0.000000000,0.000000000,0.000000000,0.000000000,0.000000000,0.000000000,0.000000000,1,0,-3.105891764,0.053350341,0.024794473,0.070396627,-0.036533265,0.578258315
1763677654.645826,-0.022009613,0.006979233,-0.008197280,-0.000258993,0.000844167,-0.000663707,0.000000000,0.000000000,0.000000000,0.000000000,0.000000000,0.000000000,0.000000000,1,0,-3.105588318,0.050617634,0.025006224,0.070386755,-0.036526347,0.578165171
1763677654.647827,-0.006862613,-0.013530767,-0.005270280,-0.000495993,0.000441167,-0.000677707,0.000000000,0.000000000,0.000000000,0.000000000,0.000000000,0.000000000,0.000000000,1,0,-3.086232257,0.050347369,0.023726434,0.070407246,-0.036524296,0.578301453
1763677654.649850,0.000332387,0.023295233,0.005425720,0.000139007,0.000794167,0.000275293,0.000000000,0.000000000,0.000000000,0.000000000,0.000000000,0.000000000,0.000000000,1,0,-3.087764027,0.054576172,0.023913916,0.070416146,-0.036529147,0.578400113
1763677654.651842,0.000299387,0.011133233,0.013480720,0.000151007,0.000453167,-0.000345707,0.000000000,0.000000000,0.000000000,0.000000000,0.000000000,0.000000000,0.000000000,1,0,-3.088382646,0.046421363,0.025168834,0.070710280,-0.036519074,0.578582421
1763677654.653864,0.000744387,-0.006161767,-0.005761280,-0.000095993,0.001092167,-0.000125707,0.000000000,0.000000000,0.000000000,0.000000000,0.000000000,0.000000000,0.000000000,1,0,-3.095635888,0.046315223,0.027572842,0.071124486,-0.036498561,0.578587726
1763677654.655840,-0.015134613,-0.005923767,0.014175720,-0.000652993,0.001114167,-0.000279707,0.000000000,0.000000000,0.000000000,0.000000000,0.000000000,0.000000000,0.000000000,1,0,-3.109354024,0.046773611,0.029994758,0.071516254,-0.036479813,0.578422959
1763677654.657856,-0.007070613,0.010661233,0.002899720,0.000415007,0.000544167,0.000561293,0.000000000,0.000000000,0.000000000,0.000000000,0.000000000,0.000000000,0.000000000,1,0,-3.100468944,0.045901734,0.031950690,0.071953421,-0.036462763,0.578516318
1763677654.659819,-0.022753613,0.011701233,0.018745720,-0.000405993,0.000297167,-0.000744707,0.000000000,0.000000000,0.000000000,0.000000000,0.000000000,0.000000000,0.000000000,1,0,-3.088870198,0.047343454,0.034191642,0.072384957,-0.036448938,0.578646887
1763677654.661829,-0.021581613,-0.010126767,-0.022678280,-0.000237993,0.001104167,-0.000445707,0.000000000,0.000000000,0.000000000,0.000000000,0.000000000,0.000000000,0.000000000,1,0,-3.095062290,0.055927626,0.037290220,0.072816776,-0.036441887,0.578540905
1763677654.663839,-0.022707613,0.018152233,0.012783720,0.000121007,0.001538167,0.000713293,0.000000000,0.000000000,0.000000000,0.000000000,0.000000000,0.000000000,0.000000000,1,0,-3.088318798,0.036247710,0.038222195,0.073249922,-0.036427648,0.578593409
1763677654.665862,0.008114387,0.011208233,0.003780720,0.000026007,0.000554167,-0.000468707,0.000000000,0.000000000,0.000000000,0.000000000,0.000000000,0.000000000,0.000000000,1,0,-3.104567144,0.041883068,0.041259007,0.073632951,-0.036409661,0.578382233
1763677654.667847,0.015876387,-0.021949767,-0.010578280,-0.000739993,0.000375167,0.000183293,0.000000000,0.000000000,0.000000000,0.000000000,0.000000000,0.000000000,0.000000000,1,0,-3.083398450,0.046184074,0.043079469,0.074079130,-0.036400188,0.578543385
1763677654.669859,0.000801387,-0.001829767,-0.009061280,0.000168007,0.000616167,0.000590293,0.000000000,0.000000000,0.000000000,0.000000000,0.000000000,0.000000000,0.000000000,1,0,-3.089219550,0.047304315,0.046605451,0.074543435,-0.036422944,0.578831581
1763677654.671833,-0.022258613,-0.009344767,0.005847720,0.000156007,-0.000296833,0.000290293,0.000000000,0.000000000,0.000000000,0.000000000,0.000000000,0.000000000,0.000000000,1,0,-3.081864751,0.047873111,0.048265929,0.074957273,-0.036422248,0.578793532
1763677654.673856,0.016073387,0.006495233,-0.014525280,0.000307007,0.000550167,0.001002293,0.000000000,0.000000000,0.000000000,0.000000000,0.000000000,0.000000000,0.000000000,1,0,-3.102375050,0.044283535,0.051178277,0.075348913,-0.036440953,0.578558276
1763677654.675858,0.008025387,0.011612233,0.014098720,0.000160007,0.000243167,-0.001240707,0.000000000,0.000000000,0.000000000,0.000000000,0.000000000,0.000000000,0.000000000,1,0,-3.092265859,0.046699549,0.053465666,0.075788326,-0.036469448,0.578703765
1763677654.677855,0.015524387,-0.001508767,0.001208720,-0.000495993,0.000739167,0.000312293,0.000000000,0.000000000,0.000000000,0.000000000,0.000000000,0.000000000,0.000000000,1,0,-3.092711381,0.044328934,0.056231624,0.076187981,-0.036500265,0.578632960
1763677654.679840,0.000605387,-0.009194767,0.001342720,-0.000092993,-0.000133833,-0.000094707,0.000000000,0.000000000,0.000000000,0.000000000,0.000000000,0.000000000,0.000000000,1,0,-3.105488453,0.044750785,0.058735768,0.076596963,-0.036530484,0.578533754
1763677654.681851,-0.022553613,0.036321233,0.008321720,-0.000158993,0.000829167,-0.000647707,0.000000000,0.000000000,0.000000000,0.000000000,0.000000000,0.000000000,0.000000000,1,0,-3.098430235,0.046389723,0.060537208,0.077046122,-0.036577963,0.578738989
1763677654.683856,-0.037845613,0.015288233,0.016061720,-0.000152993,0.000702167,-0.000526707,0.000000000,0.000000000,0.000000000,0.000000000,0.000000000,0.000000000,0.000000000,1,0,-3.086418292,0.050028429,0.062779087,0.077484316,-0.036619458,0.578921862
1763677654.685856,-0.006892613,0.003114233,-0.001420280,0.000158007,0.000053167,-0.000109707,0.000000000,0.000000000,0.000000000,0.000000000,0.000000000,0.000000000,0.000000000,1,0,-3.101706106,0.050338201,0.065294439,0.077910610,-0.036666804,0.579006999
1763677654.687855,0.000650387,0.007415233,0.010656720,0.000831007,-0.000453833,-0.000287707,0.000000000,0.000000000,0.000000000,0.000000000,0.000000000,0.000000000,0.000000000,1,0,-3.081996124,0.039510560,0.066642711,0.078295634,-0.036673356,0.578701168
1763677654.689893,0.000937387,0.011359233,-0.021909280,-0.000110993,0.000242167,0.000818293,0.000000000,0.000000000,0.000000000,0.000000000,0.000000000,0.000000000,0.000000000,1,0,-3.088399780,0.039201975,0.069050727,0.078725340,-0.036712499,0.578741308
1763677654.691969,-0.006672613,-0.009891767,-0.008535280,0.000172007,0.000403167,0.000053293,0.000000000,0.000000000,0.000000000,0.000000000,0.000000000,0.000000000,0.000000000,1,0,-3.094443401,0.042174360,0.072372163,0.079158745,-0.036759504,0.578856662
1763677654.693869,0.007948387,0.007289233,0.011140720,0.000028007,0.000206167,-0.000426707,0.000000000,0.000000000,0.000000000,0.000000000,0.000000000,0.000000000,0.000000000,1,0,-3.090279039,0.044779300,0.074309189,0.079568505,-0.036784398,0.578908826
1763677654.695862,-0.030414613,-0.027502767,0.016135720,-0.000512993,0.001135167,0.000997293,0.000000000,0.000000000,0.000000000,0.000000000,0.000000000,0.000000000,0.000000000,1,0,-3.087468962,0.045457726,0.076713120,0.079968943,-0.036814360,0.578916362
1763677654.697922,-0.044966613,0.003685233,0.003762720,-0.000005993,-0.000321833,-0.000626707,0.000000000,0.000000000,0.000000000,0.000000000,0.000000000,0.000000000,0.000000000,1,0,-3.066067931,0.045038519,0.078544084,0.080378373,-0.036846753,0.579110595
1763677654.699962,0.008877387,0.013625233,-0.012022280,0.000841007,-0.002257833,-0.000470707,0.000000000,0.000000000,0.000000000,0.000000000,0.000000000,0.000000000,0.000000000,1,0,-3.081866566,0.044302662,0.081081814,0.080762360,-0.036886649,0.579131480
1763677654.701864,-0.006830613,0.001824233,-0.011482280,0.000023007,0.001242167,0.000673293,0.000000000,0.000000000,0.000000000,0.000000000,0.000000000,0.000000000,0.000000000,1,0,-3.079789348,0.043520682,0.083335813,0.081142519,-0.036920782,0.579161728
1763677654.703875,0.076550387,-0.022823767,0.006962720,-0.000550993,-0.002688833,-0.001216707,0.000000000,0.000000000,0.000000000,0.000000000,0.000000000,0.000000000,0.000000000,1,0,-3.084477798,0.050625018,0.085116761,0.081521127,-0.036944075,0.579167264
1763677654.705901,0.015349387,0.031476233,0.009480720,0.000408007,0.000626167,0.001064293,0.000000000,0.000000000,0.000000000,0.000000000,0.000000000,0.000000000,0.000000000,1,0,-3.090621068,0.040569705,0.087905121,0.081843197,-0.036960168,0.578761728
1763677654.707878,0.016173387,-0.037184767,0.014047720,0.001026007,-0.002164833,-0.000765707,0.000000000,0.000000000,0.000000000,0.000000000,0.000000000,0.000000000,0.000000000,1,0,-3.081540502,0.040097216,0.088691848,0.082236260,-0.036957977,0.578843836
1763677654.709958,0.000611387,0.015610233,0.000661720,0.000285007,0.000080167,-0.000006707,0.000000000,0.000000000,0.000000000,0.000000000,0.000000000,0.000000000,0.000000000,1,0,-3.089000237,0.044724771,0.092143112,0.082668819,-0.037028237,0.579237324
1763677654.711906,-0.030642613,0.010853233,0.028349720,-0.000281993,0.000851167,-0.000231707,0.000000000,0.000000000,0.000000000,0.000000000,0.000000000,0.000000000,0.000000000,1,0,-3.086081927,0.043169452,0.093839634,0.083054628,-0.037045274,0.579203638
1763677654.713907,-0.029555613,0.010861233,-0.016301280,-0.000269993,0.000965167,0.000185293,0.000000000,0.000000000,0.000000000,0.000000000,0.000000000,0.000000000,0.000000000,1,0,-3.079522154,0.040934952,0.095921216,0.083454158,-0.037069566,0.579230799
1763677654.715893,-0.007241613,-0.018061767,0.010940720,0.000039007,-0.000017833,0.000514293,0.000000000,0.000000000,0.000000000,0.000000000,0.000000000,0.000000000,0.000000000,1,0,-3.082587770,0.044054114,0.098574436,0.083844773,-0.037095381,0.579305644
1763677654.717890,0.053924387,0.004816233,-0.005617280,-0.000461993,-0.000871833,-0.001156707,0.000000000,0.000000000,0.000000000,0.000000000,0.000000000,0.000000000,0.000000000,1,0,-3.085452816,0.038906419,0.100132775,0.084211934,-0.037105020,0.579078482
1763677654.719877,-0.036495613,-0.009905767,-0.022187280,0.000157007,0.000892167,-0.001328707,0.000000000,0.000000000,0.000000000,0.000000000,0.000000000,0.000000000,0.000000000,1,0,-3.093959490,0.041126374,0.103097328,0.084612298,-0.037140120,0.579154795
1763677654.721890,0.007755387,0.015202233,0.010220720,0.000016007,0.000414167,0.000620293,0.000000000,0.000000000,0.000000000,0.000000000,0.000000000,0.000000000,0.000000000,1,0,-3.074799946,0.043660349,0.104612294,0.085005978,-0.037149958,0.579300180
1763677654.723928,0.038322387,-0.005591767,0.013619720,0.000197007,0.000235167,-0.000019707,0.000000000,0.000000000,0.000000000,0.000000000,0.000000000,0.000000000,0.000000000,1,0,-3.089230492,0.041076347,0.107419551,0.085372336,-0.037170675,0.579128525
1763677654.725878,-0.014643613,0.010465233,-0.006792280,-0.000127993,0.001080167,0.000690293,0.000000000,0.000000000,0.000000000,0.000000000,0.000000000,0.000000000,0.000000000,1,0,-3.088077987,0.046920296,0.109728651,0.085819958,-0.037200709,0.579544856
1763677654.727874,-0.029516613,-0.004884767,-0.005645280,-0.000116993,0.000000167,-0.000773707,0.000000000,0.000000000,0.000000000,0.000000000,0.000000000,0.000000000,0.000000000,1,0,-3.093656447,0.041659477,0.111490103,0.086198113,-0.037222977,0.579357299
1763677654.729877,0.015703387,0.015393233,-0.004811280,0.000026007,0.000232167,0.000883293,0.000000000,0.000000000,0.000000000,0.000000000,0.000000000,0.000000000,0.000000000,1,0,-3.093929054,0.042573498,0.113986292,0.086591978,-0.037244988,0.579350188
1763677654.731884,0.015771387,-0.017985767,-0.003657280,-0.000342993,0.000242167,0.000517293,0.000000000,0.000000000,0.000000000,0.000000000,0.000000000,0.000000000,0.000000000,1,0,-3.088691594,0.044200105,0.116421530,0.087000579,-0.037267079,0.579500571
1763677654.733875,0.000720387,0.011015233,-0.010893280,-0.000379993,0.001031167,-0.000332707,0.000000000,0.000000000,0.000000000,0.000000000,0.000000000,0.000000000,0.000000000,1,0,-3.093066149,0.042132718,0.118146994,0.087380092,-0.037282076,0.579456203
1763677654.735879,-0.059880613,-0.012992767,0.005292720,0.000003007,-0.000085833,-0.002075707,0.000000000,0.000000000,0.000000000,0.000000000,0.000000000,0.000000000,0.000000000,1,0,-3.100122203,0.034867945,0.120070039,0.087717044,-0.037273756,0.579129830
1763677654.737896,-0.022073613,0.016452233,0.005836720,0.000538007,-0.000730833,-0.000775707,0.000000000,0.000000000,0.000000000,0.000000000,0.000000000,0.000000000,0.000000000,1,0,-3.094411823,0.038702796,0.121886521,0.088147375,-0.037299797,0.579280174
1763677654.739878,-0.015044613,0.025087233,0.015590720,-0.000141993,-0.000612833,-0.000645707,0.000000000,0.000000000,0.000000000,0.000000000,0.000000000,0.000000000,0.000000000,1,0,-3.093406707,0.043353305,0.125123825,0.088568803,-0.037333565,0.579538037
1763677654.741901,-0.006878613,0.011107233,-0.002209280,0.000552007,0.000045167,0.000562293,0.000000000,0.000000000,0.000000000,0.000000000,0.000000000,0.000000000,0.000000000,1,0,-3.087282928,0.035309979,0.126499990,0.088934865,-0.037324582,0.579249801
1763677654.743900,-0.030437613,0.011742233,0.023113720,-0.000144993,-0.000085833,-0.000235707,0.000000000,0.000000000,0.000000000,0.000000000,0.000000000,0.000000000,0.000000000,1,0,-3.083996269,0.037369314,0.129248365,0.089315036,-0.037336960,0.579268306
1763677654.745901,0.008351387,0.010554233,-0.006629280,0.000296007,0.000865167,0.000313293,0.000000000,0.000000000,0.000000000,0.000000000,0.000000000,0.000000000,0.000000000,1,0,-3.079711225,0.034587592,0.131086775,0.089712818,-0.037315113,0.579261007
1763677654.747903,0.047304387,-0.035836767,-0.023767280,-0.000279993,-0.001969833,-0.002424707,0.000000000,0.000000000,0.000000000,0.000000000,0.000000000,0.000000000,0.000000000,1,0,-3.089518117,0.041334623,0.134392526,0.090142014,-0.037360745,0.579506908
1763677654.749916,0.000287387,0.010866233,0.003607720,-0.000385993,0.000988167,0.000037293,0.000000000,0.000000000,0.000000000,0.000000000,0.000000000,0.000000000,0.000000000,1,0,-3.083316021,0.035446239,0.135586240,0.090530545,-0.037358907,0.579379781
1763677654.751915,-0.029937613,-0.013128767,0.003737720,-0.000383993,-0.000323833,0.000075293,0.000000000,0.000000000,0.000000000,0.000000000,0.000000000,0.000000000,0.000000000,1,0,-3.091421406,0.040314212,0.138426854,0.090955785,-0.037393899,0.579597098
1763677654.753946,0.015730387,0.003561233,0.003466720,0.000040007,-0.000324833,-0.000122707,0.000000000,0.000000000,0.000000000,0.000000000,0.000000000,0.000000000,0.000000000,1,0,-3.090171901,0.035230693,0.140252735,0.091335976,-0.037391133,0.579448604
1763677654.755909,-0.021820613,-0.018187767,-0.007258280,-0.000231993,0.000853167,-0.001121707,0.000000000,0.000000000,0.000000000,0.000000000,0.000000000,0.000000000,0.000000000,1,0,-3.093250996,0.038921453,0.142485659,0.091764473,-0.037401407,0.579635860
1763677654.757912,-0.014629613,0.001560233,-0.006543280,-0.000119993,0.001520167,0.000797293,0.000000000,0.000000000,0.000000000,0.000000000,0.000000000,0.000000000,0.000000000,1,0,-3.081001399,0.033793630,0.144211184,0.092157551,-0.037397471,0.579559717
1763677654.759902,0.008032387,-0.008572767,0.001127720,-0.000491993,-0.000573833,0.000144293,0.000000000,0.000000000,0.000000000,0.000000000,0.000000000,0.000000000,0.000000000,1,0,-3.084723879,0.039242814,0.147147963,0.092563271,-0.037414187,0.579667673
1763677654.761951,0.008315387,-0.009338767,-0.008931280,-0.000220993,-0.000039833,0.000547293,0.000000000,0.000000000,0.000000000,0.000000000,0.000000000,0.000000000,0.000000000,1,0,-3.092635700,0.038318235,0.150143134,0.092954132,-0.037409451,0.579564437
1763677654.763986,-0.029889613,-0.004702767,0.009078720,-0.000121993,-0.000257833,-0.000787707,0.000000000,0.000000000,0.000000000,0.000000000,0.000000000,0.000000000,0.000000000,1,0,-3.083797150,0.034253620,0.151537826,0.093339106,-0.037408900,0.579497852
1763677654.765920,0.000433387,0.023157233,0.004981720,0.000542007,0.000570167,0.000664293,0.000000000,0.000000000,0.000000000,0.000000000,0.000000000,0.000000000,0.000000000,1,0,-3.087760159,0.034290790,0.153770627,0.093754293,-0.037414494,0.579575596
1763677654.767926,-0.007313613,-0.005130767,0.007962720,-0.000107993,-0.000271833,0.000739293,0.000000000,0.000000000,0.000000000,0.000000000,0.000000000,0.000000000,0.000000000,1,0,-3.083440490,0.037251033,0.155722355,0.094191473,-0.037428874,0.579858371
1763677654.769926,0.039245387,0.005191233,-0.020902280,-0.000065993,-0.001493833,-0.000886707,0.000000000,0.000000000,0.000000000,0.000000000,0.000000000,0.000000000,0.000000000,1,0,-3.081682064,0.035191236,0.158157708,0.094601825,-0.037436624,0.579924958
1763677654.771931,0.023613387,-0.026373767,-0.013235280,-0.000459993,0.000343167,0.000496293,0.000000000,0.000000000,0.000000000,0.000000000,0.000000000,0.000000000,0.000000000,1,0,-3.081646122,0.034165450,0.159730574,0.094989234,-0.037428653,0.579837653
1763677654.773922,0.015594387,0.013425233,0.013056720,0.000166007,-0.001736833,-0.000627707,0.000000000,0.000000000,0.000000000,0.000000000,0.000000000,0.000000000,0.000000000,1,0,-3.075964203,0.036716652,0.162609624,0.095395804,-0.037428342,0.579991222
1763677654.775925,-0.021956613,-0.021852767,-0.004787280,-0.000497993,0.000446167,-0.001083707,0.000000000,0.000000000,0.000000000,0.000000000,0.000000000,0.000000000,0.000000000,1,0,-3.082373083,0.040202333,0.165055058,0.095749688,-0.037417756,0.579733895
1763677654.777928,0.000513387,-0.005600767,-0.007516280,-0.000100993,-0.000021833,0.001772293,0.000000000,0.000000000,0.000000000,0.000000000,0.000000000,0.000000000,0.000000000,1,0,-3.077389920,0.036878098,0.167767068,0.096181996,-0.037415070,0.579801299
1763677654.779921,-0.022230613,-0.013624767,0.013464720,0.000563007,-0.000422833,-0.000038707,0.000000000,0.000000000,0.000000000,0.000000000,0.000000000,0.000000000,0.000000000,1,0,-3.073662815,0.043586564,0.169091150,0.096623636,-0.037430774,0.580108201
1763677654.781933,0.008514387,0.010923233,-0.016850280,0.000163007,0.000522167,0.000696293,0.000000000,0.000000000,0.000000000,0.000000000,0.000000000,0.000000000,0.000000000,1,0,-3.072979265,0.030182139,0.170051195,0.096994753,-0.037399380,0.579842909
1763677654.783926,-0.045058613,-0.008807767,0.011594720,0.000005007,-0.000445833,-0.000863707,0.000000000,0.000000000,0.000000000,0.000000000,0.000000000,0.000000000,0.000000000,1,0,-3.086299042,0.033409811,0.174049554,0.097387184,-0.037395535,0.579816885
1763677654.785952,-0.029793613,-0.002189767,-0.003009280,-0.000393993,0.001562167,-0.000431707,0.000000000,0.000000000,0.000000000,0.000000000,0.000000000,0.000000000,0.000000000,1,0,-3.093005082,0.032659284,0.176702454,0.097772725,-0.037385523,0.579603062
1763677654.787935,0.046905387,-0.016271767,-0.017983280,0.000095007,-0.001241833,-0.000755707,0.000000000,0.000000000,0.000000000,0.000000000,0.000000000,0.000000000,0.000000000,1,0,-3.086281680,0.029488089,0.178343230,0.098184738,-0.037384096,0.579706324
1763677654.789922,0.008250387,0.027590233,-0.007223280,0.000279007,0.000641167,0.000489293,0.000000000,0.000000000,0.000000000,0.000000000,0.000000000,0.000000000,0.000000000,1,0,-3.081138724,0.034641036,0.180987441,0.098638970,-0.037376692,0.579938353
1763677654.791955,-0.029697613,-0.013603767,0.004346720,0.000023007,0.000121167,-0.000673707,0.000000000,0.000000000,0.000000000,0.000000000,0.000000000,0.000000000,0.000000000,1,0,-3.081564327,0.032743287,0.183045984,0.099058365,-0.037381234,0.579959814
1763677654.793955,0.069518387,0.005165233,-0.026513280,-0.000311993,-0.001561833,0.000126293,0.000000000,0.000000000,0.000000000,0.000000000,0.000000000,0.000000000,0.000000000,1,0,-3.082969976,0.032775127,0.185562492,0.099470486,-0.037369928,0.580019578
1763677654.795964,-0.022640613,-0.013430767,0.014222720,-0.000648993,0.000239167,-0.000441707,0.000000000,0.000000000,0.000000000,0.000000000,0.000000000,0.000000000,0.000000000,1,0,-3.083085419,0.034042653,0.187654775,0.099890520,-0.037361412,0.580055505
1763677654.797942,0.039134387,0.015986233,-0.018130280,0.000055007,0.000289167,-0.001017707,0.000000000,0.000000000,0.000000000,0.000000000,0.000000000,0.000000000,0.000000000,1,0,-3.083591106,0.031769510,0.189687702,0.100288227,-0.037348537,0.579952981
1763677654.799948,-0.029275613,-0.001001767,-0.007541280,0.000151007,0.000415167,-0.001575707,0.000000000,0.000000000,0.000000000,0.000000000,0.000000000,0.000000000,0.000000000,1,0,-3.080041441,0.028075691,0.191492912,0.100714083,-0.037334903,0.580045952
1763677654.801944,0.030898387,0.010860233,0.002795720,0.000445007,0.000324167,0.000683293,0.000000000,0.000000000,0.000000000,0.000000000,0.000000000,0.000000000,0.000000000,1,0,-3.083513412,0.031686015,0.194282855,0.101109390,-0.037314885,0.579937914
1763677654.803944,-0.029696613,-0.009245767,0.001841720,-0.000114993,0.000091167,-0.000726707,0.000000000,0.000000000,0.000000000,0.000000000,0.000000000,0.000000000,0.000000000,1,0,-3.070765405,0.030041418,0.195742433,0.101523053,-0.037294744,0.580057799
1763677654.805946,0.008064387,0.010964233,0.002411720,0.000426007,0.000101167,0.001064293,0.000000000,0.000000000,0.000000000,0.000000000,0.000000000,0.000000000,0.000000000,1,0,-3.080317822,0.027305013,0.198699015,0.101922640,-0.037282164,0.579983000
1763677654.807945,-0.029823613,0.012074233,0.014649720,0.000133007,0.000030167,-0.002131707,0.000000000,0.000000000,0.000000000,0.000000000,0.000000000,0.000000000,0.000000000,1,0,-3.079591556,0.027037194,0.201176004,0.102338990,-0.037258292,0.579910659
1763677654.809941,-0.007057613,0.003553233,0.003434720,0.000022007,-0.000324833,-0.000120707,0.000000000,0.000000000,0.000000000,0.000000000,0.000000000,0.000000000,0.000000000,1,0,-3.084893426,0.030099910,0.204071868,0.102776783,-0.037255171,0.580103153
1763677654.811948,0.061790387,-0.018951767,-0.009778280,-0.000695993,-0.002017833,-0.001758707,0.000000000,0.000000000,0.000000000,0.000000000,0.000000000,0.000000000,0.000000000,1,0,-3.091993599,0.027193491,0.205757513,0.103145653,-0.037229993,0.579871932
1763677654.813966,-0.007234613,0.011100233,0.007754720,0.000279007,0.000165167,0.000550293,0.000000000,0.000000000,0.000000000,0.000000000,0.000000000,0.000000000,0.000000000,1,0,-3.080436707,0.030696927,0.208437981,0.103657146,-0.037230755,0.580404035
1763677654.815961,-0.007192613,-0.009458767,0.006281720,-0.000235993,0.000144167,0.000029293,0.000000000,0.000000000,0.000000000,0.000000000,0.000000000,0.000000000,0.000000000,1,0,-3.082972826,0.031124161,0.210646494,0.104023543,-0.037198520,0.580135838
1763677654.817964,0.053683387,0.000933233,-0.003720280,-0.000729993,-0.001286833,-0.000353707,0.000000000,0.000000000,0.000000000,0.000000000,0.000000000,0.000000000,0.000000000,1,0,-3.074599230,0.033407669,0.212634654,0.104460359,-0.037191834,0.580364926
1763677654.819981,0.008212387,-0.013558767,-0.005982280,-0.000485993,0.000214167,0.000210293,0.000000000,0.000000000,0.000000000,0.000000000,0.000000000,0.000000000,0.000000000,1,0,-3.088866601,0.040975894,0.217113511,0.104923687,-0.037183888,0.580656827
1763677654.821972,-0.014155613,0.007218233,-0.013931280,0.000286007,0.000120167,-0.000018707,0.000000000,0.000000000,0.000000000,0.000000000,0.000000000,0.000000000,0.000000000,1,0,-3.084110012,0.037615681,0.218303216,0.105368325,-0.037178511,0.580766925
1763677654.823944,0.007750387,-0.009602767,0.010902720,-0.000361993,0.000200167,0.000531293,0.000000000,0.000000000,0.000000000,0.000000000,0.000000000,0.000000000,0.000000000,1,0,-3.087282852,0.027181220,0.220057651,0.105661213,-0.037093335,0.580016403
1763677654.825976,0.016385387,-0.000756767,-0.013159280,0.000321007,-0.000088833,-0.000813707,0.000000000,0.000000000,0.000000000,0.000000000,0.000000000,0.000000000,0.000000000,1,0,-3.079349776,0.030252609,0.222036406,0.106132249,-0.037079290,0.580321472
1763677654.827965,0.007827387,0.015799233,0.020317720,0.000555007,-0.000336833,-0.000147707,0.000000000,0.000000000,0.000000000,0.000000000,0.000000000,0.000000000,0.000000000,1,0,-3.084108802,0.026424854,0.224694708,0.106525848,-0.037050984,0.580188626
1763677654.829979,-0.022291613,0.015296233,0.001199720,-0.000136993,0.000741167,-0.000388707,0.000000000,0.000000000,0.000000000,0.000000000,0.000000000,0.000000000,0.000000000,1,0,-3.080211359,0.030192289,0.227172053,0.106979989,-0.037029540,0.580360194
1763677654.831957,0.000255387,0.006255233,0.011001720,0.000020007,0.001078167,0.000093293,0.000000000,0.000000000,0.000000000,0.000000000,0.000000000,0.000000000,0.000000000,1,0,-3.082416044,0.024954711,0.229607788,0.107367048,-0.036991887,0.580196018
1763677654.833970,-0.006626613,-0.004837767,-0.016057280,-0.000232993,-0.000125833,-0.000007707,0.000000000,0.000000000,0.000000000,0.000000000,0.000000000,0.000000000,0.000000000,1,0,-3.079007860,0.027709475,0.231865144,0.107844021,-0.036980643,0.580512838
1763677654.835957,-0.015261613,-0.005320767,0.022995720,-0.000117993,-0.000088833,0.000476293,0.000000000,0.000000000,0.000000000,0.000000000,0.000000000,0.000000000,0.000000000,1,0,-3.075733388,0.029263340,0.233638691,0.108227166,-0.036934540,0.580336477
1763677654.837982,-0.014998613,-0.002082767,0.001703720,-0.000923993,0.001618167,0.000060293,0.000000000,0.000000000,0.000000000,0.000000000,0.000000000,0.000000000,0.000000000,1,0,-3.082183537,0.029504078,0.236317997,0.108667178,-0.036914908,0.580460553
1763677654.839962,-0.007291613,0.020297233,0.018173720,0.000407007,-0.000362833,-0.000708707,0.000000000,0.000000000,0.000000000,0.000000000,0.000000000,0.000000000,0.000000000,1,0,-3.078729641,0.028745064,0.238481998,0.109095983,-0.036890581,0.580555050
1763677654.841963,0.023032387,0.031435233,0.005112720,0.000147007,0.001009167,0.000556293,0.000000000,0.000000000,0.000000000,0.000000000,0.000000000,0.000000000,0.000000000,1,0,-3.081628711,0.025631584,0.240998283,0.109487129,-0.036839502,0.580362005
1763677654.843962,-0.022472613,0.006578233,0.011191720,0.000003007,0.000861167,-0.000289707,0.000000000,0.000000000,0.000000000,0.000000000,0.000000000,0.000000000,0.000000000,1,0,-3.084717920,0.027466064,0.243627352,0.109922770,-0.036813303,0.580463590
1763677654.845977,-0.014403613,0.019338233,-0.006560280,0.000271007,0.000648167,-0.000171707,0.000000000,0.000000000,0.000000000,0.000000000,0.000000000,0.000000000,0.000000000,1,0,-3.082039510,0.028781133,0.245946352,0.110340117,-0.036774642,0.580444697
1763677654.847967,-0.029922613,0.000034233,0.016096720,0.000277007,-0.001045833,-0.000843707,0.000000000,0.000000000,0.000000000,0.000000000,0.000000000,0.000000000,0.000000000,1,0,-3.075684407,0.022908388,0.247940091,0.110790796,-0.036747587,0.580636762
1763677654.850003,0.015788387,0.002904233,-0.001961280,0.000174007,0.000047167,0.000653293,0.000000000,0.000000000,0.000000000,0.000000000,0.000000000,0.000000000,0.000000000,1,0,-3.088830036,0.027537913,0.250582693,0.111160100,-0.036696262,0.580334619
1763677654.851995,0.007976387,-0.005353767,0.003766720,-0.000362993,0.000333167,0.000105293,0.000000000,0.000000000,0.000000000,0.000000000,0.000000000,0.000000000,0.000000000,1,0,-3.081179840,0.028682177,0.253602774,0.111612881,-0.036658009,0.580459670
1763677654.853977,0.023738387,-0.004276767,-0.005313280,-0.000072993,-0.000431833,-0.001291707,0.000000000,0.000000000,0.000000000,0.000000000,0.000000000,0.000000000,0.000000000,1,0,-3.082160781,0.020591928,0.255036867,0.111994944,-0.036608068,0.580269435
1763677654.856018,-0.000047613,-0.005685767,0.023336720,-0.000105993,0.000352167,0.000225293,0.000000000,0.000000000,0.000000000,0.000000000,0.000000000,0.000000000,0.000000000,1,0,-3.077832576,0.021863472,0.257164763,0.112429081,-0.036567296,0.580372494
1763677654.858030,0.038892387,0.007745233,-0.013729280,-0.000074993,-0.000095833,-0.000162707,0.000000000,0.000000000,0.000000000,0.000000000,0.000000000,0.000000000,0.000000000,1,0,-3.071702784,0.030298612,0.259794426,0.112948470,-0.036554504,0.580943525
1763677654.860039,-0.014694613,0.003482233,0.008152720,0.000284007,-0.000485833,0.000008293,0.000000000,0.000000000,0.000000000,0.000000000,0.000000000,0.000000000,0.000000000,1,0,-3.075241271,0.025521874,0.261551614,0.113311728,-0.036495290,0.580626879
1763677654.862009,-0.029748613,0.019586233,-0.001568280,0.000123007,0.000490167,-0.000306707,0.000000000,0.000000000,0.000000000,0.000000000,0.000000000,0.000000000,0.000000000,1,0,-3.086520519,0.021727428,0.264997343,0.113696515,-0.036437300,0.580371876
1763677654.863999,0.001277387,0.013355233,-0.005807280,0.000703007,-0.001526833,-0.001869707,0.000000000,0.000000000,0.000000000,0.000000000,0.000000000,0.000000000,0.000000000,1,0,-3.079786442,0.024322959,0.266878922,0.114160724,-0.036401270,0.580585002
1763677654.866001,0.008094387,-0.005680767,-0.001438280,-0.000227993,0.000488167,0.000496293,0.000000000,0.000000000,0.000000000,0.000000000,0.000000000,0.000000000,0.000000000,1,0,-3.079065092,0.024122734,0.269675304,0.114571482,-0.036355049,0.580564451
1763677654.867992,0.008761387,0.013144233,-0.001449280,0.000975007,-0.001691833,-0.001232707,0.000000000,0.000000000,0.000000000,0.000000000,0.000000000,0.000000000,0.000000000,1,0,-3.077155618,0.024151611,0.271507209,0.115024725,-0.036313776,0.580720561
1763677654.870001,0.008005387,-0.009457767,0.001382720,-0.000492993,0.000303167,0.000155293,0.000000000,0.000000000,0.000000000,0.000000000,0.000000000,0.000000000,0.000000000,1,0,-3.082363962,0.021530461,0.274023933,0.115399453,-0.036255056,0.580558482
1763677654.872001,-0.014527613,-0.005140767,-0.000673280,-0.000241993,0.000279167,-0.000650707,0.000000000,0.000000000,0.000000000,0.000000000,0.000000000,0.000000000,0.000000000,1,0,-3.087430724,0.023569466,0.277174444,0.115840444,-0.036218047,0.580593347
1763677654.874001,-0.007129613,-0.003197767,-0.004442280,0.000022007,0.001763167,0.001489293,0.000000000,0.000000000,0.000000000,0.000000000,0.000000000,0.000000000,0.000000000,1,0,-3.077663592,0.020082523,0.279134470,0.116263531,-0.036169542,0.580657220
1763677654.876011,0.000848387,-0.000953767,-0.003058280,0.000037007,0.000251167,-0.000949707,0.000000000,0.000000000,0.000000000,0.000000000,0.000000000,0.000000000,0.000000000,1,0,-3.080076103,0.020313947,0.281190059,0.116682963,-0.036115887,0.580619096
1763677654.878073,-0.045287613,0.024378233,0.010660720,-0.000029993,-0.000017833,-0.000501707,0.000000000,0.000000000,0.000000000,0.000000000,0.000000000,0.000000000,0.000000000,1,0,-3.079619444,0.022527730,0.282904807,0.117120137,-0.036066564,0.580696956
1763677654.880069,0.008748387,-0.005008767,-0.015936280,0.000184007,-0.000122833,-0.000254707,0.000000000,0.000000000,0.000000000,0.000000000,0.000000000,0.000000000,0.000000000,1,0,-3.079699887,0.025384872,0.285987254,0.117574753,-0.036010727,0.580850498
1763677654.882089,0.016234387,-0.013402767,-0.015551280,-0.000205993,0.000098167,-0.000287707,0.000000000,0.000000000,0.000000000,0.000000000,0.000000000,0.000000000,0.000000000,1,0,-3.077139087,0.023597982,0.288476138,0.117993435,-0.035962880,0.580829790
1763677654.884043,0.008079387,0.013383233,0.013587720,0.000162007,-0.001511833,-0.001260707,0.000000000,0.000000000,0.000000000,0.000000000,0.000000000,0.000000000,0.000000000,1,0,-3.081093719,0.020251443,0.291446994,0.118420265,-0.035898623,0.580736737
1763677654.886031,-0.021728613,0.011203233,-0.016128280,0.000143007,0.000531167,-0.000320707,0.000000000,0.000000000,0.000000000,0.000000000,0.000000000,0.000000000,0.000000000,1,0,-3.078163843,0.022800793,0.293894899,0.118837557,-0.035847090,0.580766706
1763677654.888034,-0.014223613,-0.026632767,-0.008463280,0.000183007,0.000183167,0.000382293,0.000000000,0.000000000,0.000000000,0.000000000,0.000000000,0.000000000,0.000000000,1,0,-3.077178186,0.024663889,0.295928300,0.119311797,-0.035790925,0.580969705
1763677654.890029,-0.014994613,0.031893233,0.010646720,-0.000015993,0.000857167,-0.000341707,0.000000000,0.000000000,0.000000000,0.000000000,0.000000000,0.000000000,0.000000000,1,0,-3.081696100,0.021747930,0.298697470,0.119748192,-0.035739368,0.580992588
1763677654.892011,0.015923387,-0.005162767,-0.011266280,-0.000352993,0.000151167,0.000369293,0.000000000,0.000000000,0.000000000,0.000000000,0.000000000,0.000000000,0.000000000,1,0,-3.078389577,0.025209676,0.300730590,0.120213900,-0.035687086,0.581216677
1763677654.894035,0.038530387,-0.003537767,0.004033720,-0.000334993,-0.001192833,-0.000806707,0.000000000,0.000000000,0.000000000,0.000000000,0.000000000,0.000000000,0.000000000,1,0,-3.082144434,0.015476049,0.302924674,0.120578371,-0.035602362,0.580835284
1763677654.896003,-0.014717613,-0.010576767,0.002306720,-0.000508993,0.001625167,-0.000591707,0.000000000,0.000000000,0.000000000,0.000000000,0.000000000,0.000000000,0.000000000,1,0,-3.076375007,0.021238248,0.305779262,0.120993167,-0.035531168,0.580837560
1763677654.898015,-0.029988613,-0.015532767,-0.000385280,-0.000653993,0.002247167,0.000103293,0.000000000,0.000000000,0.000000000,0.000000000,0.000000000,0.000000000,0.000000000,1,0,-3.079862027,0.020903815,0.307929861,0.121475263,-0.035495668,0.581149883
1763677654.900028,-0.014693613,0.007839233,0.005647720,0.000146007,-0.000515833,-0.000044707,0.000000000,0.000000000,0.000000000,0.000000000,0.000000000,0.000000000,0.000000000,1,0,-3.075700481,0.020550349,0.309640010,0.121882789,-0.035418635,0.581025203
1763677654.902009,0.000137387,-0.006945767,0.009087720,-0.000506993,0.001926167,0.000245293,0.000000000,0.000000000,0.000000000,0.000000000,0.000000000,0.000000000,0.000000000,1,0,-3.076032860,0.019686432,0.312370315,0.122293224,-0.035354788,0.580951483
1763677654.904009,-0.007366613,0.005818233,0.020958720,0.000550007,0.001200167,-0.000153707,0.000000000,0.000000000,0.000000000,0.000000000,0.000000000,0.000000000,0.000000000,1,0,-3.084910967,0.016758938,0.315418461,0.122689851,-0.035283611,0.580815625
1763677654.906021,0.038926387,-0.003190767,-0.011963280,0.000071007,-0.002041833,0.000351293,0.000000000,0.000000000,0.000000000,0.000000000,0.000000000,0.000000000,0.000000000,1,0,-3.079118508,0.019666785,0.317526815,0.123160698,-0.035230360,0.581052658
1763677654.908023,-0.021659613,-0.009459767,-0.023508280,-0.000239993,0.000220167,0.000308293,0.000000000,0.000000000,0.000000000,0.000000000,0.000000000,0.000000000,0.000000000,1,0,-3.077063673,0.017874361,0.319898112,0.123578665,-0.035150615,0.580996910
1763677654.910029,-0.014720613,-0.006574767,-0.001216280,-0.000246993,0.001365167,0.000508293,0.000000000,0.000000000,0.000000000,0.000000000,0.000000000,0.000000000,0.000000000,1,0,-3.080615785,0.022003048,0.322239941,0.124062705,-0.035102499,0.581289650
1763677654.912022,0.062182387,-0.027495767,-0.010765280,0.000523007,-0.002901833,-0.000874707,0.000000000,0.000000000,0.000000000,0.000000000,0.000000000,0.000000000,0.000000000,1,0,-3.081953907,0.016297066,0.325080546,0.124388845,-0.035002785,0.580795087
1763677654.914024,0.023710387,0.006567233,-0.019244280,0.000045007,0.000711167,0.000874293,0.000000000,0.000000000,0.000000000,0.000000000,0.000000000,0.000000000,0.000000000,1,0,-3.075624954,0.024586509,0.327195102,0.124948544,-0.034953633,0.581423724
1763677654.916034,-0.014572613,0.006704233,0.005809720,0.000549007,0.000360167,-0.000024707,0.000000000,0.000000000,0.000000000,0.000000000,0.000000000,0.000000000,0.000000000,1,0,-3.076901655,0.021413860,0.330119387,0.125354662,-0.034878986,0.581320357
1763677654.918037,0.008094387,-0.005680767,-0.001438280,-0.000227993,0.000488167,0.000496293,0.000000000,0.000000000,0.000000000,0.000000000,0.000000000,0.000000000,0.000000000,1,0,-3.080339191,0.020947630,0.332207600,0.125769943,-0.034810961,0.581279305
1763677654.920039,-0.022313613,0.007579233,0.005604720,0.000139007,-0.000298833,0.000086293,0.000000000,0.000000000,0.000000000,0.000000000,0.000000000,0.000000000,0.000000000,1,0,-3.073990215,0.021580229,0.335043237,0.126207557,-0.034722134,0.581283004
1763677654.922052,0.008212387,-0.013558767,-0.005982280,-0.000485993,0.000214167,0.000210293,0.000000000,0.000000000,0.000000000,0.000000000,0.000000000,0.000000000,0.000000000,1,0,-3.077255212,0.017032520,0.337038857,0.126661199,-0.034656202,0.581427737
1763677654.924067,0.023809387,-0.005479767,-0.016521280,0.000193007,0.000088167,0.000638293,0.000000000,0.000000000,0.000000000,0.000000000,0.000000000,0.000000000,0.000000000,1,0,-3.077993967,0.017828598,0.339110245,0.127059974,-0.034571590,0.581282254
1763677654.926044,0.008054387,0.003326233,0.004219720,-0.000368993,0.000339167,-0.000760707,0.000000000,0.000000000,0.000000000,0.000000000,0.000000000,0.000000000,0.000000000,1,0,-3.067875654,0.021641275,0.340935929,0.127575464,-0.034508137,0.581694582
1763677654.928043,-0.014477613,0.011013233,-0.005994280,-0.000123993,0.000872167,-0.000458707,0.000000000,0.000000000,0.000000000,0.000000000,0.000000000,0.000000000,0.000000000,1,0,-3.075532719,0.015473328,0.344332290,0.127872770,-0.034391514,0.581110984
1763677654.930052,0.053674387,0.017744233,-0.003613280,-0.000745993,-0.001065833,-0.000937707,0.000000000,0.000000000,0.000000000,0.000000000,0.000000000,0.000000000,0.000000000,1,0,-3.076391200,0.014824921,0.346664154,0.128259484,-0.034298713,0.580888693
1763677654.932202,0.000183387,0.019187233,0.008023720,-0.000126993,0.000824167,0.000318293,0.000000000,0.000000000,0.000000000,0.000000000,0.000000000,0.000000000,0.000000000,1,0,-3.076231315,0.020951272,0.349056828,0.128828092,-0.034258855,0.581539680
1763677654.934083,0.000245387,0.035608233,0.012575720,0.000528007,0.000882167,0.000127293,0.000000000,0.000000000,0.000000000,0.000000000,0.000000000,0.000000000,0.000000000,1,0,-3.074218353,0.019771988,0.351426511,0.129286312,-0.034178179,0.581678477
1763677654.936049,-0.007017613,-0.018170767,0.006310720,0.000176007,0.000145167,0.000141293,0.000000000,0.000000000,0.000000000,0.000000000,0.000000000,0.000000000,0.000000000,1,0,-3.079069901,0.019940114,0.354169008,0.129717605,-0.034102785,0.581669636
1763677654.938062,0.023349387,0.002834233,-0.002142280,0.000179007,0.000045167,0.000907293,0.000000000,0.000000000,0.000000000,0.000000000,0.000000000,0.000000000,0.000000000,1,0,-3.077302109,0.016047528,0.358809018,0.130502586,-0.033915187,0.581395715
1763677654.940047,-0.021852613,-0.013275767,-0.010241280,-0.000370993,0.000162167,-0.000799707,0.000000000,0.000000000,0.000000000,0.000000000,0.000000000,0.000000000,0.000000000,1,0,-3.078147442,0.017214986,0.361767896,0.130960470,-0.033831155,0.581508525
1763677654.942053,0.008156387,0.010740233,0.003113720,0.000428007,0.000547167,0.000305293,0.000000000,0.000000000,0.000000000,0.000000000,0.000000000,0.000000000,0.000000000,1,0,-3.077404301,0.017061033,0.363864313,0.131372344,-0.033744909,0.581498415
1763677654.944066,0.023555387,0.008892233,0.005768720,0.000583007,-0.001605833,-0.000687707,0.000000000,0.000000000,0.000000000,0.000000000,0.000000000,0.000000000,0.000000000,1,0,-3.073661027,0.018530647,0.368495055,0.132295635,-0.033571654,0.581843561
1763677654.946068,-0.037453613,0.027637233,0.009062720,0.000243007,0.001057167,-0.001424707,0.000000000,0.000000000,0.000000000,0.000000000,0.000000000,0.000000000,0.000000000,1,0,-3.071821592,0.016801344,0.370502899,0.132692858,-0.033475972,0.581748318
1763677654.948050,-0.021938613,-0.014491767,-0.010210280,-0.000372993,0.001255167,-0.000404707,0.000000000,0.000000000,0.000000000,0.000000000,0.000000000,0.000000000,0.000000000,1,0,-3.078553445,0.017070255,0.373160833,0.133083482,-0.033377498,0.581508319
1763677654.950091,0.007755387,0.015202233,0.010220720,0.000016007,0.000414167,0.000620293,0.000000000,0.000000000,0.000000000,0.000000000,0.000000000,0.000000000,0.000000000,1,0,-3.077790130,0.019300089,0.375730402,0.133519895,-0.033295695,0.581589640
1763677654.952058,-0.014869613,0.002846233,0.008500720,-0.000120993,0.000391167,0.000009293,0.000000000,0.000000000,0.000000000,0.000000000,0.000000000,0.000000000,0.000000000,1,0,-3.073930403,0.020993428,0.379022023,0.134008970,-0.033210309,0.581881532
1763677654.954072,0.008079387,-0.001133767,0.000817720,-0.000097993,0.000079167,0.000442293,0.000000000,0.000000000,0.000000000,0.000000000,0.000000000,0.000000000,0.000000000,1,0,-3.081670980,0.014396706,0.380462417,0.134365430,-0.033089929,0.581542704
1763677654.956054,0.007914387,-0.000694767,0.005671720,-0.000233993,-0.000298833,0.000430293,0.000000000,0.000000000,0.000000000,0.000000000,0.000000000,0.000000000,0.000000000,1,0,-3.080608237,0.014612816,0.382920616,0.134798887,-0.032989255,0.581509389
1763677654.958069,-0.007185613,0.002805233,0.004133720,-0.000381993,0.000775167,-0.000499707,0.000000000,0.000000000,0.000000000,0.000000000,0.000000000,0.000000000,0.000000000,1,0,-3.079041196,0.015062682,0.385581954,0.135258719,-0.032912684,0.581642877
1763677654.960076,0.015597387,0.015986233,0.010266720,0.000429007,-0.000458833,0.000109293,0.000000000,0.000000000,0.000000000,0.000000000,0.000000000,0.000000000,0.000000000,1,0,-3.075945527,0.015958925,0.388359157,0.135719587,-0.032796654,0.581734575
1763677654.962111,-0.022857613,0.027573233,0.022500720,0.000246007,0.000564167,0.000213293,0.000000000,0.000000000,0.000000000,0.000000000,0.000000000,0.000000000,0.000000000,1,0,-3.072795885,0.014349979,0.390007407,0.136128564,-0.032704792,0.581684217
1763677654.964081,0.015574387,0.018826233,0.003382720,0.000021007,0.001205167,0.000073293,0.000000000,0.000000000,0.000000000,0.000000000,0.000000000,0.000000000,0.000000000,1,0,-3.076310722,0.019272934,0.393111888,0.136649507,-0.032619346,0.582150864
1763677654.966086,-0.021821613,-0.013021767,-0.015130280,-0.000638993,0.000102167,-0.000803707,0.000000000,0.000000000,0.000000000,0.000000000,0.000000000,0.000000000,0.000000000,1,0,-3.078169557,0.020278642,0.396115914,0.137096846,-0.032525278,0.582164768
1763677654.968075,0.000236387,0.007253233,0.010395720,0.000020007,-0.000021833,0.000462293,0.000000000,0.000000000,0.000000000,0.000000000,0.000000000,0.000000000,0.000000000,1,0,-3.068043393,0.016960557,0.397315133,0.137507476,-0.032411845,0.582119804
1763677654.970094,0.007812387,0.002636233,0.007958720,-0.000104993,0.000385167,0.000771293,0.000000000,0.000000000,0.000000000,0.000000000,0.000000000,0.000000000,0.000000000,1,0,-3.077230137,0.016300698,0.401169459,0.137909197,-0.032284125,0.581913206
1763677654.972095,0.008051387,0.007328233,0.000695720,-0.000105993,0.000079167,0.000340293,0.000000000,0.000000000,0.000000000,0.000000000,0.000000000,0.000000000,0.000000000,1,0,-3.073584488,0.017056055,0.403269002,0.138277049,-0.032193757,0.581829535
1763677654.974080,0.000400387,0.006814233,0.005541720,0.000156007,0.000356167,0.000474293,0.000000000,0.000000000,0.000000000,0.000000000,0.000000000,0.000000000,0.000000000,1,0,-3.079617328,0.018858657,0.405120906,0.138449875,-0.032152495,0.581794889
1763677654.976076,0.000921387,-0.010516767,-0.008237280,0.000178007,0.001062167,-0.000066707,0.000000000,0.000000000,0.000000000,0.000000000,0.000000000,0.000000000,0.000000000,1,0,-3.071866605,0.019029456,0.404217830,0.138447109,-0.032152932,0.581852980
1763677654.978081,-0.029876613,-0.001065767,0.010794720,0.000410007,-0.000235833,-0.000062707,0.000000000,0.000000000,0.000000000,0.000000000,0.000000000,0.000000000,0.000000000,1,0,-3.077241811,0.017754153,0.404626616,0.138385325,-0.032136465,0.581601011
1763677654.980075,-0.022366613,0.002614233,0.004270720,-0.000393993,0.000995167,-0.000622707,0.000000000,0.000000000,0.000000000,0.000000000,0.000000000,0.000000000,0.000000000,1,0,-3.074750646,0.017832200,0.404373590,0.138465034,-0.032145334,0.581933816
1763677654.982097,0.038531387,0.011564233,0.002710720,0.000452007,-0.000331833,0.000547293,0.000000000,0.000000000,0.000000000,0.000000000,0.000000000,0.000000000,0.000000000,1,0,-3.073429876,0.019333406,0.404191713,0.138472056,-0.032150447,0.582029186
1763677654.984123,-0.030048613,0.011194233,0.013628720,0.000128007,0.000455167,-0.000597707,0.000000000,0.000000000,0.000000000,0.000000000,0.000000000,0.000000000,0.000000000,1,0,-3.075862779,0.021405378,0.405470624,0.138503104,-0.032156715,0.582041387
1763677654.986083,-0.007039613,0.007721233,-0.003832280,-0.000383993,0.000023167,-0.000171707,0.000000000,0.000000000,0.000000000,0.000000000,0.000000000,0.000000000,0.000000000,1,0,-3.072686167,0.019361662,0.405214405,0.138486751,-0.032157795,0.581986159
1763677655.914873,0.083704387,-0.009615767,0.022494720,-0.000026993,-0.004027833,0.000014293,0.000000000,0.000000000,0.000000000,0.000000000,0.000000000,0.000000000,0.000000000,1,0,-3.072017048,0.020616985,0.404965172,0.138527733,-0.032168071,0.582211444
1763677655.916790,0.023943387,-0.013546767,-0.025825280,-0.000333993,0.000192167,0.000354293,0.000000000,0.000000000,0.000000000,0.000000000,0.000000000,0.000000000,0.000000000,1,0,-3.076176179,0.018698932,0.404939319,0.138477223,-0.032149789,0.581978554
1763677655.918776,-0.005466613,0.000937233,-0.037464280,0.000585007,-0.001475833,-0.001949707,0.000000000,0.000000000,0.000000000,0.000000000,0.000000000,0.000000000,0.000000000,1,0,-3.075693834,0.019463026,0.404674784,0.138471833,-0.032162022,0.582022091
1763677655.920787,-0.007067613,0.003290233,0.014580720,0.000158007,0.000247167,-0.001646707,0.000000000,0.000000000,0.000000000,0.000000000,0.000000000,0.000000000,0.000000000,1,0,-3.077525182,0.020137685,0.405149120,0.138469666,-0.032157682,0.581945955
1763677655.922775,-0.000889613,0.023803233,0.060042720,0.000259007,0.000145167,-0.000534707,0.000000000,0.000000000,0.000000000,0.000000000,0.000000000,0.000000000,0.000000000,1,0,-3.075093777,0.021052064,0.404861039,0.138485943,-0.032156087,0.582004378
1763677655.924802,0.013974387,0.024327233,0.063834720,0.000132007,-0.000682833,0.000721293,0.000000000,0.000000000,0.000000000,0.000000000,0.000000000,0.000000000,0.000000000,1,0,-3.072516096,0.021702684,0.405041390,0.138533873,-0.032165142,0.582207309
1763677655.926908,-0.030119613,-0.005125767,0.022691720,0.000679007,-0.000746833,0.000361293,0.000000000,0.000000000,0.000000000,0.000000000,0.000000000,0.000000000,0.000000000,1,0,-3.072882405,0.020364583,0.404601408,0.138498307,-0.032155329,0.582085628
1763677655.928825,-0.043583613,-0.006965767,-0.056351280,0.000418007,0.001352167,0.001459293,0.000000000,0.000000000,0.000000000,0.000000000,0.000000000,0.000000000,0.000000000,1,0,-3.074391208,0.019784941,0.404302417,0.138504247,-0.032164005,0.582133575
1763677655.931196,-0.043610613,-0.010233767,-0.042287280,0.000290007,0.001086167,-0.000798707,0.000000000,0.000000000,0.000000000,0.000000000,0.000000000,0.000000000,0.000000000,1,0,-3.076534286,0.020892363,0.405462789,0.138514607,-0.032161282,0.582141511
1763677655.932824,0.000818387,0.008316233,-0.008547280,-0.000239993,-0.000469833,-0.000680707,0.000000000,0.000000000,0.000000000,0.000000000,0.000000000,0.000000000,0.000000000,1,0,-3.069941499,0.017938030,0.404226081,0.138461823,-0.032145275,0.581886370
1763677655.934836,-0.015642613,0.015042233,0.029670720,-0.000143993,0.000430167,0.000986293,0.000000000,0.000000000,0.000000000,0.000000000,0.000000000,0.000000000,0.000000000,1,0,-3.075968283,0.020498313,0.405014619,0.138482360,-0.032148944,0.582004591
1763677655.936818,0.007676387,0.006346233,0.019768720,0.000559007,0.000311167,0.001108293,0.000000000,0.000000000,0.000000000,0.000000000,0.000000000,0.000000000,0.000000000,1,0,-3.075086830,0.019273825,0.405249913,0.138478451,-0.032160041,0.582010976
1763677655.938825,0.000442387,0.015693233,0.004496720,0.000550007,-0.000528833,0.001135293,0.000000000,0.000000000,0.000000000,0.000000000,0.000000000,0.000000000,0.000000000,1,0,-3.074513178,0.020936983,0.404909406,0.138497310,-0.032163689,0.582107405
1763677655.940805,-0.015645613,0.002957233,0.042837720,0.000138007,-0.000065833,-0.000015707,0.000000000,0.000000000,0.000000000,0.000000000,0.000000000,0.000000000,0.000000000,1,0,-3.076131246,0.021463511,0.405129118,0.138483998,-0.032158400,0.582031946
1763677655.942850,-0.067839613,-0.006887767,0.004137720,-0.000018993,0.001648167,-0.000117707,0.000000000,0.000000000,0.000000000,0.000000000,0.000000000,0.000000000,0.000000000,1,0,-3.076600688,0.020495325,0.405095832,0.138472933,-0.032153455,0.581991866
1763677655.944830,-0.021878613,0.006919233,-0.003529280,0.000413007,0.000465167,-0.000655707,0.000000000,0.000000000,0.000000000,0.000000000,0.000000000,0.000000000,0.000000000,1,0,-3.075600496,0.016598787,0.404188537,0.138470830,-0.032150171,0.581951264
1763677655.946818,0.031170387,-0.012282767,-0.001663280,0.000205007,-0.001479833,0.000201293,0.000000000,0.000000000,0.000000000,0.000000000,0.000000000,0.000000000,0.000000000,1,0,-3.072519111,0.021756780,0.404576040,0.138545542,-0.032165340,0.582295960
