ros_time_sec,fx,fy,fz,mx,my,mz,ee_x,ee_y,ee_z,ee_qx,ee_qy,ee_qz,ee_qw,tag_visible,tag_id,tag_roll(rad),tag_pitch(rad),tag_yaw(rad),tag_tx(m),tag_ty(m),tag_tz(m),tag_qx,tag_qy,tag_qz,tag_qw
1762457095.189846,-0.000307867,0.019542447,-0.002803613,0.000501073,-0.001212693,-0.000734787,0.434176800,-0.001415579,0.244232966,0.001017568,0.702549229,-0.001303242,0.711633225,1,3,-2.974783256,-0.008349334,0.026557768,0.000061984,-0.015802458,0.559569870,0.996422686,0.013579972,0.003053581,-0.083355204
1762457095.225566,-0.015781867,0.012889447,0.005107387,0.000488073,0.001067307,-0.000406787,0.434176800,-0.001415579,0.244232966,0.001017568,0.702549229,-0.001303242,0.711633225,1,3,-2.975346579,-0.002920358,0.026982664,0.000059925,-0.015811048,0.559660430,0.996453879,0.013565552,0.000334890,-0.083039335
1762457095.255478,-0.016444867,0.047723447,0.018959387,0.000046073,0.000145307,-0.000463787,0.434176800,-0.001415579,0.244232966,0.001017568,0.702549229,-0.001303242,0.711633225,1,3,-2.976307587,-0.006506140,0.026979276,0.000059545,-0.015800883,0.559585087,0.996487481,0.013711631,0.002128157,-0.082584278
1762457095.324559,0.021828133,0.008723447,0.017471387,0.000383073,0.000999307,-0.000244787,0.434176800,-0.001415579,0.244232966,0.001017568,0.702549229,-0.001303242,0.711633225,1,3,-2.975300448,-0.005811350,0.027088109,0.000063334,-0.015807242,0.559716223,0.996446476,0.013738090,0.001770568,-0.083081584
1762457095.364117,-0.015794867,0.031317447,-0.005519613,-0.000064927,-0.000152693,-0.000247787,0.434176800,-0.001415579,0.244232966,0.001017568,0.702549229,-0.001303242,0.711633225,1,3,-2.976483282,-0.005858096,0.027093435,0.000057190,-0.015805800,0.559672451,0.996495307,0.013741620,0.001801764,-0.082492568
1762457095.428728,0.006583133,0.006449447,0.014808387,-0.000161927,-0.000564693,-0.000348787,0.434176800,-0.001415579,0.244232966,0.001017568,0.702549229,-0.001303242,0.711633225,1,3,-2.975954617,-0.005806339,0.026977322,0.000063646,-0.015808497,0.559680544,0.996474367,0.013682105,0.001777149,-0.082755525
1762457095.466573,-0.000532867,-0.001428553,-0.004630613,-0.000421927,-0.000801693,-0.000495787,0.434176800,-0.001415579,0.244232966,0.001017568,0.702549229,-0.001303242,0.711633225,1,3,-2.976978623,-0.007576267,0.026718327,0.000063888,-0.015809518,0.559673468,0.996514449,0.013624857,0.002676692,-0.082256623
1762457095.528195,-0.000781867,0.004360447,0.014961387,0.000639073,0.000968307,-0.000183787,0.434176800,-0.001415579,0.244232966,0.001017568,0.702549229,-0.001303242,0.711633225,1,3,-2.976229989,-0.003959933,0.027029743,0.000059974,-0.015807751,0.559701715,0.996488670,0.013631771,0.000856903,-0.082606123
1762457095.565942,-0.000246867,0.004547447,-0.009983613,0.000511073,0.000884307,0.000212213,0.434176800,-0.001415579,0.244232966,0.001017568,0.702549229,-0.001303242,0.711633225,1,3,-2.976553237,-0.005540868,0.026873183,0.000062474,-0.015809120,0.559629253,0.996500326,0.013618750,0.001653266,-0.082455428
1762457095.604635,-0.023534867,0.027026447,0.002148387,-0.000067927,-0.000060693,-0.000455787,0.434176800,-0.001415579,0.244232966,0.001017568,0.702549229,-0.001303242,0.711633225,1,3,-2.975547039,-0.007849018,0.027104565,0.000064961,-0.015807795,0.559631884,0.996451987,0.013830504,0.002786809,-0.082972211
1762457095.668462,0.014629133,0.021873447,0.000172387,0.000236073,0.000790307,-0.000644787,0.434176800,-0.001415579,0.244232966,0.001017568,0.702549229,-0.001303242,0.711633225,1,3,-2.974872766,-0.006122457,0.026895895,0.000062562,-0.015807047,0.559548776,0.996429367,0.013655649,0.001930635,-0.083296538
1762457095.705005,-0.023711867,0.031380447,0.004624387,-0.000342927,-0.000030693,-0.000514787,0.434176800,-0.001415579,0.244232966,0.001017568,0.702549229,-0.001303242,0.711633225,1,3,-2.975803836,-0.008051362,0.026571068,0.000061875,-0.015810277,0.559616987,0.996465774,0.013572712,0.002911499,-0.082844827
1762457095.740693,-0.008001867,0.014327447,-0.010438613,0.000093073,-0.000213693,0.000216213,0.434176800,-0.001415579,0.244232966,0.001017568,0.702549229,-0.001303242,0.711633225,1,3,-2.975591476,-0.006861460,0.026981199,0.000061198,-0.015810188,0.559676518,0.996457044,0.013728070,0.002300200,-0.082943412
1762457095.808322,0.030039133,-0.011122553,0.000968387,0.000283073,0.000141307,-0.000882787,0.434176800,-0.001415579,0.244232966,0.001017568,0.702549229,-0.001303242,0.711633225,1,3,-2.975220427,-0.005200420,0.027250447,0.000063781,-0.015803376,0.559654184,0.996443217,0.013793674,0.001458891,-0.083117517
1762457095.845244,0.007180133,0.015506447,-0.004923613,-0.000026927,-0.001020693,-0.000820787,0.434176800,-0.001415579,0.244232966,0.001017568,0.702549229,-0.001303242,0.711633225,1,3,-2.973909669,-0.002791503,0.027430208,0.000063185,-0.015800724,0.559612261,0.996391067,0.013783360,0.000242207,-0.083754419
1762457095.910669,-0.000361867,0.017771447,-0.002293613,0.000499073,0.000541307,-0.000714787,0.434176800,-0.001415579,0.244232966,0.001017568,0.702549229,-0.001303242,0.711633225,1,3,-2.977229965,-0.005725439,0.026814879,0.000064499,-0.015814169,0.559687766,0.996528204,0.013596710,0.001752234,-0.082119407
1762457095.950655,0.014683133,0.012324447,0.009755387,0.001183073,0.001125307,-0.000141787,0.434176800,-0.001415579,0.244232966,0.001017568,0.702549229,-0.001303242,0.711633225,1,3,-2.976342009,-0.006145423,0.026872895,0.000068507,-0.015813227,0.559727122,0.996490398,0.013643714,0.001953058,-0.082564646
1762457096.014333,-0.016357867,0.035411447,0.011809387,-0.000343927,0.000057307,-0.000315787,0.434176800,-0.001415579,0.244232966,0.001017568,0.702549229,-0.001303242,0.711633225,1,3,-2.977297358,-0.007089163,0.026732303,0.000064470,-0.015805411,0.559650610,0.996528607,0.013611422,0.002435581,-0.082094658
1762457096.051912,0.006996133,0.034875447,-0.002624613,0.000084073,0.000538307,-0.000673787,0.434176800,-0.001415579,0.244232966,0.001017568,0.702549229,-0.001303242,0.711633225,1,3,-2.976241470,-0.008713583,0.026616456,0.000064277,-0.015808575,0.559666445,0.996481823,0.013622011,0.003242542,-0.082631124
1762457096.082240,-0.000617867,0.015241447,0.000015387,-0.000169927,-0.000742693,-0.000695787,0.434176800,-0.001415579,0.244232966,0.001017568,0.702549229,-0.001303242,0.711633225,1,3,-2.978619905,-0.007257748,0.026854724,0.000063833,-0.015813882,0.559871305,0.996581448,0.013677667,0.002523602,-0.081436915
1762457096.150916,0.007379133,0.016896447,-0.002088613,0.000909073,0.001200307,-0.000824787,0.434176800,-0.001415579,0.244232966,0.001017568,0.702549229,-0.001303242,0.711633225,1,3,-2.977072190,-0.007702486,0.026607955,0.000066079,-0.015809434,0.559712438,0.996518737,0.013574919,0.002744757,-0.082210672
1762457096.187814,0.006886133,0.031107447,-0.006060613,-0.000048927,-0.000159693,0.000514213,0.434176800,-0.001415579,0.244232966,0.001017568,0.702549229,-0.001303242,0.711633225,1,3,-2.975290188,-0.006390515,0.027174578,0.000062739,-0.015809636,0.559717486,0.996444248,0.013805217,0.002055460,-0.083090619
1762457096.253106,0.014167133,0.025829447,0.017057387,0.000360073,0.000777307,-0.000322787,0.434176800,-0.001415579,0.244232966,0.001017568,0.702549229,-0.001303242,0.711633225,1,3,-2.977852230,-0.009535747,0.026656687,0.000068659,-0.015812054,0.559766472,0.996545458,0.013673031,0.003661533,-0.081833923
1762457096.292565,-0.031362867,0.030866447,0.009470387,-0.000080927,0.000247307,-0.000380787,0.434176800,-0.001415579,0.244232966,0.001017568,0.702549229,-0.001303242,0.711633225,1,3,-2.976876900,-0.009375969,0.026373072,0.000062383,-0.015813054,0.559719020,0.996507824,0.013526936,0.003586927,-0.082318356
1762457096.360566,-0.000468867,0.013195447,-0.000362613,0.000635073,0.000564307,0.000102213,0.434176800,-0.001415579,0.244232966,0.001017568,0.702549229,-0.001303242,0.711633225,1,3,-2.974872795,-0.009722550,0.026577298,0.000065407,-0.015808060,0.559610525,0.996422434,0.013646688,0.003737535,-0.083319458
1762457096.403864,0.037317133,-0.002875553,0.010185387,0.000411073,0.000035307,-0.000353787,0.434176800,-0.001415579,0.244232966,0.001017568,0.702549229,-0.001303242,0.711633225,1,3,-2.976433047,-0.007233078,0.026378649,0.000066593,-0.015804776,0.559692658,0.996495093,0.013442198,0.002515998,-0.082525799
1762457096.425635,0.014658133,0.017769447,-0.002210613,0.000106073,0.000760307,-0.000594787,0.434176800,-0.001415579,0.244232966,0.001017568,0.702549229,-0.001303242,0.711633225,1,3,-2.976538476,-0.004167051,0.026866681,0.000059495,-0.015805073,0.559636179,0.996502183,0.013558926,0.000968925,-0.082453719
1762457096.502751,0.006735133,0.019272447,0.007199387,-0.000170927,-0.000655693,-0.000497787,0.434176800,-0.001415579,0.244232966,0.001017568,0.702549229,-0.001303242,0.711633225,1,3,-2.978887615,-0.010362436,0.026527215,0.000065554,-0.015806278,0.559685854,0.996586078,0.013640177,0.004085813,-0.081323067
1762457096.534452,0.006465133,0.006776447,0.020013387,-0.000296927,-0.000719693,-0.000739787,0.434176800,-0.001415579,0.244232966,0.001017568,0.702549229,-0.001303242,0.711633225,1,3,-2.976169989,-0.000484178,0.027519906,0.000055296,-0.015809751,0.559662318,0.996486720,0.013732479,-0.000895532,-0.082612554
1762457096.604895,0.036777133,0.029203447,0.013914387,0.000236073,0.001394307,0.000776213,0.434176800,-0.001415579,0.244232966,0.001017568,0.702549229,-0.001303242,0.711633225,1,3,-2.974523912,-0.007035085,0.026701089,0.000060789,-0.015805125,0.559583201,0.996414144,0.013596982,0.002391065,-0.083476098
1762457096.636804,-0.023537867,0.018310447,0.007158387,0.000208073,0.000000307,-0.000350787,0.434176800,-0.001415579,0.244232966,0.001017568,0.702549229,-0.001303242,0.711633225,1,3,-2.975102881,-0.008856115,0.026547924,0.000060472,-0.015801458,0.559615978,0.996434696,0.013595632,0.003308650,-0.083199208
1762457096.705690,-0.000854867,0.022458447,0.004111387,0.000085073,-0.000036693,0.000359213,0.434176800,-0.001415579,0.244232966,0.001017568,0.702549229,-0.001303242,0.711633225,1,3,-2.979542450,-0.003865931,0.027257021,0.000058796,-0.015813148,0.559794720,0.996622706,0.013739786,0.000823436,-0.080955064
1762457096.738641,0.007042133,0.034762447,-0.002273613,0.000085073,0.000761307,-0.001052787,0.434176800,-0.001415579,0.244232966,0.001017568,0.702549229,-0.001303242,0.711633225,1,3,-2.978963582,-0.005281006,0.026960057,0.000059644,-0.015807297,0.559705990,0.996598875,0.013649489,0.001536658,-0.081252769
1762457096.777173,-0.016330867,0.026949447,0.011930387,-0.000335927,0.000057307,-0.000213787,0.434176800,-0.001415579,0.244232966,0.001017568,0.702549229,-0.001303242,0.711633225,1,3,-2.975850665,-0.007252110,0.026959809,0.000059661,-0.015807457,0.559621577,0.996467026,0.013733272,0.002497501,-0.082816818
1762457096.843980,0.029716133,0.008583447,0.002215387,0.000391073,0.001032307,0.000403213,0.434176800,-0.001415579,0.244232966,0.001017568,0.702549229,-0.001303242,0.711633225,1,3,-2.975516409,-0.005968226,0.026808168,0.000061010,-0.015808824,0.559709951,0.996457038,0.013604926,0.001861826,-0.082974766
1762457096.881400,-0.000617867,0.018611447,-0.008142613,-0.000175927,-0.000186693,0.000411213,0.434176800,-0.001415579,0.244232966,0.001017568,0.702549229,-0.001303242,0.711633225,1,3,-2.977211409,-0.009616905,0.026574225,0.000062939,-0.015806598,0.559695396,0.996519512,0.013636444,0.003700977,-0.082153593
1762457096.947094,-0.030981867,0.009514447,-0.002856613,0.000077073,0.000314307,0.000269213,0.434176800,-0.001415579,0.244232966,0.001017568,0.702549229,-0.001303242,0.711633225,1,3,-2.976008951,-0.007316941,0.026628263,0.000063767,-0.015804244,0.559592772,0.996475687,0.013570564,0.002544605,-0.082737959
1762457096.983743,0.007427133,0.030665447,-0.014620613,0.000227073,0.000611307,-0.000991787,0.434176800,-0.001415579,0.244232966,0.001017568,0.702549229,-0.001303242,0.711633225,1,3,-2.976250447,-0.005888862,0.027227170,0.000061738,-0.015805116,0.559626721,0.996484714,0.013809732,0.001809970,-0.082608902
1762457097.048795,0.044926133,0.004669447,-0.000305613,0.000273073,0.000783307,0.000576213,0.434176800,-0.001415579,0.244232966,0.001017568,0.702549229,-0.001303242,0.711633225,1,3,-2.975766665,-0.006892933,0.026684690,0.000062614,-0.015807441,0.559648491,0.996466258,0.013581440,0.002329367,-0.082855990
1762457097.085108,-0.023776867,0.016988447,0.006264387,0.000202073,0.000862307,0.001188213,0.434176800,-0.001415579,0.244232966,0.001017568,0.702549229,-0.001303242,0.711633225,1,3,-2.976292135,-0.006153707,0.026571774,0.000060823,-0.015812112,0.559669122,0.996490365,0.013494073,0.001969280,-0.082589254
1762457097.152579,-0.008590867,0.031240447,0.004263387,-0.000331927,-0.000034693,-0.000005787,0.434176800,-0.001415579,0.244232966,0.001017568,0.702549229,-0.001303242,0.711633225,1,3,-2.978234329,-0.007578697,0.026899462,0.000062775,-0.015811995,0.559710282,0.996564654,0.013713529,0.002679064,-0.081631201
1762457097.188586,0.022374133,-0.002731553,0.005565387,0.000537073,-0.000019693,-0.000855787,0.434176800,-0.001415579,0.244232966,0.001017568,0.702549229,-0.001303242,0.711633225,1,3,-2.977278727,-0.003208458,0.027048604,0.000059960,-0.015805042,0.559715951,0.996532808,0.013609895,0.000488840,-0.082078583
1762457097.252667,-0.000897867,0.013403447,0.015156387,0.000228073,0.000752307,-0.000679787,0.434176800,-0.001415579,0.244232966,0.001017568,0.702549229,-0.001303242,0.711633225,1,3,-2.976939751,-0.007695294,0.026973855,0.000064017,-0.015810487,0.559842335,0.996510808,0.013757117,0.002725222,-0.082277114
1762457097.290075,0.006886133,0.031107447,-0.006060613,-0.000048927,-0.000159693,0.000514213,0.434176800,-0.001415579,0.244232966,0.001017568,0.702549229,-0.001303242,0.711633225,1,3,-2.973768377,-0.007963940,0.026623884,0.000062387,-0.015802500,0.559616674,0.996380809,0.013598320,0.002851916,-0.083858427
1762457097.327147,-0.023210867,0.013074447,-0.000044613,0.000618073,0.000787307,-0.000274787,0.434176800,-0.001415579,0.244232966,0.001017568,0.702549229,-0.001303242,0.711633225,1,3,-2.977718594,-0.010316294,0.026415215,0.000065210,-0.015810185,0.559739616,0.996539280,0.013584870,0.004059434,-0.081905046
1762457097.393319,-0.008025867,0.031504447,-0.015570613,-0.000190927,-0.000274693,0.000009213,0.434176800,-0.001415579,0.244232966,0.001017568,0.702549229,-0.001303242,0.711633225,1,3,-2.977392665,-0.006952946,0.027158016,0.000063464,-0.015805487,0.559707150,0.996529912,0.013817843,0.002350893,-0.082046784
1762457097.430821,0.037958133,0.008850447,-0.024277613,-0.000659927,-0.002130693,-0.001244787,0.434176800,-0.001415579,0.244232966,0.001017568,0.702549229,-0.001303242,0.711633225,1,3,-2.973974591,-0.006179086,0.026817154,0.000061755,-0.015802452,0.559561032,0.996392277,0.013619655,0.001956011,-0.083744309
1762457097.495899,-0.015738867,0.015381447,0.000376387,-0.000180927,-0.000738693,-0.001204787,0.434176800,-0.001415579,0.244232966,0.001017568,0.702549229,-0.001303242,0.711633225,1,3,-2.974945802,-0.004203133,0.026935562,0.000064173,-0.015806747,0.559701960,0.996435681,0.013595512,0.000973237,-0.083247516
1762457097.534579,-0.000259867,0.005092447,-0.004204613,0.000378073,0.000735307,-0.000942787,0.434176800,-0.001415579,0.244232966,0.001017568,0.702549229,-0.001303242,0.711633225,1,3,-2.975322415,-0.003578315,0.027321677,0.000062792,-0.015811194,0.559693406,0.996449656,0.013761769,0.000648460,-0.083055863
1762457097.600535,0.006956133,0.004294447,0.009799387,0.000781073,0.000906307,0.000076213,0.434176800,-0.001415579,0.244232966,0.001017568,0.702549229,-0.001303242,0.711633225,1,3,-2.974776537,-0.005356664,0.026820891,0.000058952,-0.015804885,0.559656399,0.996427392,0.013586492,0.001551572,-0.083339383
1762457097.636186,-0.016178867,0.039772447,0.004322387,-0.000345927,-0.000033693,-0.000362787,0.434176800,-0.001415579,0.244232966,0.001017568,0.702549229,-0.001303242,0.711633225,1,3,-2.973707453,-0.008358254,0.026778310,0.000062602,-0.015806370,0.559558288,0.996376178,0.013691858,0.003041469,-0.083891562
1762457097.672055,0.014503133,0.018471447,-0.008503613,-0.000164927,-0.000190693,0.000920213,0.434176800,-0.001415579,0.244232966,0.001017568,0.702549229,-0.001303242,0.711633225,1,3,-2.976399152,-0.011016108,0.026368935,0.000066185,-0.015808004,0.559701362,0.996483102,0.013593328,0.004401063,-0.082566816
1762457097.738924,0.006943133,0.018541447,-0.008322613,-0.000170927,-0.000188693,0.000665213,0.434176800,-0.001415579,0.244232966,0.001017568,0.702549229,-0.001303242,0.711633225,1,3,-2.975427710,-0.004851343,0.027029322,0.000056519,-0.015807818,0.559679496,0.996453978,0.013668875,0.001295579,-0.083011768
1762457097.775054,0.006353133,0.013213447,0.025290387,-0.000037927,0.001093307,-0.000817787,0.434176800,-0.001415579,0.244232966,0.001017568,0.702549229,-0.001303242,0.711633225,1,3,-2.975521482,-0.002459544,0.027532517,0.000058410,-0.015805876,0.559668019,0.996457942,0.013820371,0.000083679,-0.082949147
1762457097.846472,0.014450133,0.021869447,0.005154387,0.000100073,0.000850307,-0.000650787,0.434176800,-0.001415579,0.244232966,0.001017568,0.702549229,-0.001303242,0.711633225,1,3,-2.975965753,-0.006275882,0.026921129,0.000064109,-0.015808983,0.559678271,0.996474244,0.013673506,0.002013496,-0.082753017
1762457097.908256,-0.015245867,0.017257447,-0.012342613,0.000759073,0.000857307,-0.000440787,0.434176800,-0.001415579,0.244232966,0.001017568,0.702549229,-0.001303242,0.711633225,1,3,-2.975564109,-0.003572964,0.027110679,0.000057933,-0.015805735,0.559620447,0.996461140,0.013656343,0.000656207,-0.082935340
1762457097.944415,-0.000275867,0.008651447,-0.007600613,0.000641073,0.000913307,0.000163213,0.434176800,-0.001415579,0.244232966,0.001017568,0.702549229,-0.001303242,0.711633225,1,3,-2.975081779,-0.005083750,0.027057178,0.000062466,-0.015806179,0.559602029,0.996438996,0.013692636,0.001407846,-0.083185679
1762457097.986362,-0.016147867,0.040025447,-0.000566613,-0.000612927,-0.000092693,-0.000365787,0.434176800,-0.001415579,0.244232966,0.001017568,0.702549229,-0.001303242,0.711633225,1,3,-2.977101534,-0.008763037,0.026714452,0.000063158,-0.015806604,0.559700889,0.996516462,0.013671472,0.003269013,-0.082203077
1762457098.050122,0.006352133,0.031097447,0.008883387,-0.000457927,0.000021307,0.000496213,0.434176800,-0.001415579,0.244232966,0.001017568,0.702549229,-0.001303242,0.711633225,1,3,-2.977771546,-0.006595743,0.026821899,0.000062711,-0.015811870,0.559816561,0.996548544,0.013635316,0.002189281,-0.081855265
1762457098.087955,0.028991133,0.021831447,0.019387387,-0.000299927,0.000803307,0.000219213,0.434176800,-0.001415579,0.244232966,0.001017568,0.702549229,-0.001303242,0.711633225,1,3,-2.975685397,-0.007214596,0.026826345,0.000064782,-0.015800716,0.559647777,0.996461182,0.013665429,0.002483207,-0.082898747
1762457098.152686,-0.008354867,0.023035447,-0.005485613,-0.000454927,-0.000153693,0.000098213,0.434176800,-0.001415579,0.244232966,0.001017568,0.702549229,-0.001303242,0.711633225,1,3,-2.972038870,-0.007080040,0.027000383,0.000058244,-0.015802066,0.559555556,0.996307503,0.013750938,0.002383886,-0.084714749
1762457098.191463,0.006883133,0.022392447,-0.001050613,0.000227073,-0.000098693,0.000619213,0.434176800,-0.001415579,0.244232966,0.001017568,0.702549229,-0.001303242,0.711633225,1,3,-2.976322109,-0.005900564,0.026547792,0.000064215,-0.015811193,0.559687414,0.996492283,0.013471653,0.001844344,-0.082572654
1762457098.223816,0.014268133,0.004611447,0.010155387,-0.000021927,0.001127307,-0.000067787,0.434176800,-0.001415579,0.244232966,0.001017568,0.702549229,-0.001303242,0.711633225,1,3,-2.978032464,-0.002691171,0.027214869,0.000061363,-0.015813366,0.559726231,0.996563203,0.013671435,0.000229422,-0.081699580
1762457098.290941,-0.015782867,0.023221447,-0.010637613,-0.000324927,-0.000434693,0.000230213,0.434176800,-0.001415579,0.244232966,0.001017568,0.702549229,-0.001303242,0.711633225,1,3,-2.975658622,-0.010032633,0.026631329,0.000067551,-0.015806314,0.559697791,0.996453791,0.013684975,0.003895150,-0.082930038
1762457098.330051,0.007536133,0.015513447,-0.014886613,0.000245073,-0.001141693,-0.000807787,0.434176800,-0.001415579,0.244232966,0.001017568,0.702549229,-0.001303242,0.711633225,1,3,-2.977968705,-0.005289580,0.026797927,0.000066920,-0.015809099,0.559799460,0.996559421,0.013569816,0.001540768,-0.081748437
1762457098.394350,-0.016090867,0.039191447,0.004005387,0.000057073,0.000182307,0.000032213,0.434176800,-0.001415579,0.244232966,0.001017568,0.702549229,-0.001303242,0.711633225,1,3,-2.976353070,-0.004326594,0.027121035,0.000071514,-0.015811860,0.559798029,0.996492545,0.013692327,0.001036662,-0.082547283
1762457098.434017,-0.000551867,0.021682447,0.000310387,0.000224073,0.001010307,-0.000767787,0.434176800,-0.001415579,0.244232966,0.001017568,0.702549229,-0.001303242,0.711633225,1,3,-2.978353662,-0.006160553,0.026962991,0.000078132,-0.015810300,0.559750392,0.996572293,0.013687253,0.001970645,-0.081562496
1762457098.499410,-0.008295867,0.022378447,-0.010913613,-0.000321927,0.000217307,0.000874213,0.434176800,-0.001415579,0.244232966,0.001017568,0.702549229,-0.001303242,0.711633225,1,3,-2.978145834,-0.001967687,0.027248069,0.000066751,-0.015808881,0.559744181,0.996568428,0.013658444,-0.000131660,-0.081638215
1762457098.564234,0.022390133,0.006426447,0.000427387,0.000261073,-0.000518693,-0.000965787,0.434176800,-0.001415579,0.244232966,0.001017568,0.702549229,-0.001303242,0.711633225,1,3,-2.975501603,-0.005236199,0.026674496,0.000078326,-0.015805438,0.559733381,0.996458757,0.013507996,0.001502552,-0.082977238
1762457098.604322,-0.000748867,0.017510447,0.012558387,0.000494073,0.000721307,-0.000723787,0.434176800,-0.001415579,0.244232966,0.001017568,0.702549229,-0.001303242,0.711633225,1,3,-2.978192380,-0.004018889,0.026838474,0.000080250,-0.015810975,0.559816953,0.996570451,0.013538022,0.000907461,-0.081628639
1762457098.641233,-0.023418867,0.009624447,0.007981387,0.000218073,0.000446307,-0.001007787,0.434176800,-0.001415579,0.244232966,0.001017568,0.702549229,-0.001303242,0.711633225,1,3,-2.976324556,-0.004060415,0.026688750,0.000077092,-0.015809187,0.559852048,0.996494729,0.013465977,0.000921688,-0.082559517
1762457098.706964,-0.015845867,-0.012070553,-0.004435613,-0.000428927,0.001166307,0.000267213,0.434176800,-0.001415579,0.244232966,0.001017568,0.702549229,-0.001303242,0.711633225,1,3,-2.975900227,-0.004448099,0.027191007,0.000080507,-0.015810364,0.559778322,0.996473148,0.013732449,0.001091204,-0.082773757
1762457098.774359,-0.000439867,0.015245447,-0.004966613,-0.000033927,-0.000802693,-0.000689787,0.434176800,-0.001415579,0.244232966,0.001017568,0.702549229,-0.001303242,0.711633225,1,3,-2.976937930,-0.003061520,0.027279978,0.000093003,-0.015808481,0.559678162,0.996517424,0.013719223,0.000403793,-0.082247456
1762457098.812211,0.006585133,0.010807447,0.012302387,-0.000299927,-0.000594693,-0.000401787,0.434176800,-0.001415579,0.244232966,0.001017568,0.702549229,-0.001303242,0.711633225,1,3,-2.972989401,-0.006813168,0.026809194,0.000093509,-0.015804044,0.559634769,0.996349574,0.013643330,0.002265524,-0.084239257
1762457098.879964,0.014561133,0.006893447,-0.005112613,-0.000418927,-0.000806693,-0.000088787,0.434176800,-0.001415579,0.244232966,0.001017568,0.702549229,-0.001303242,0.711633225,1,3,-2.973004738,-0.004731101,0.026989805,0.000113505,-0.015803938,0.559639276,0.996353161,0.013645688,0.001220780,-0.084218075
1762457098.946209,-0.000587867,0.013522447,0.004842387,0.000500073,0.000409307,-0.000288787,0.434176800,-0.001415579,0.244232966,0.001017568,0.702549229,-0.001303242,0.711633225,1,3,-2.976528142,-0.005792724,0.026410941,0.000162213,-0.015811536,0.559785861,0.996501919,0.013398834,0.001797643,-0.082469175
1762457099.014141,-0.008624867,0.008566447,0.017044387,0.000357073,0.000993307,0.000267213,0.434176800,-0.001415579,0.244232966,0.001017568,0.702549229,-0.001303242,0.711633225,1,3,-2.976269930,-0.000951473,0.027096326,0.000233054,-0.015808046,0.559690640,0.996493388,0.013540765,-0.000644532,-0.082566094
1762457099.056922,0.075830133,-0.025863553,-0.008658613,-0.000197927,-0.001506693,-0.001088787,0.434176800,-0.001415579,0.244232966,0.001017568,0.702549229,-0.001303242,0.711633225,1,3,-2.978934360,-0.003995153,0.026993303,0.000270744,-0.015812441,0.559807280,0.996599652,0.013613872,0.000894365,-0.081258828
1762457099.122974,-0.000363867,0.013413447,0.000211387,0.000637073,0.000572307,-0.000661787,0.434176800,-0.001415579,0.244232966,0.001017568,0.702549229,-0.001303242,0.711633225,1,3,-2.977122268,-0.006381850,0.027036257,0.000279126,-0.015812501,0.559721185,0.996520915,0.013734052,0.002069472,-0.082177601
1762457099.161155,-0.008597867,0.006258447,0.014945387,-0.000172927,-0.000344693,-0.000472787,0.434176800,-0.001415579,0.244232966,0.001017568,0.702549229,-0.001303242,0.711633225,1,3,-2.974489840,-0.005449454,0.026915322,0.000286786,-0.015804784,0.559625238,0.996414615,0.013637630,0.001591912,-0.083482904
1762457099.222925,-0.023301867,0.010106447,-0.002590613,0.000084073,-0.000119693,-0.000245787,0.434176800,-0.001415579,0.244232966,0.001017568,0.702549229,-0.001303242,0.711633225,1,3,-2.975899527,-0.003481791,0.027046442,0.000326568,-0.015799986,0.559569250,0.996475604,0.013620457,0.000615730,-0.082767595
1762457099.266331,-0.000318867,0.017479447,-0.012961613,0.000364073,0.000630307,0.000437213,0.434176800,-0.001415579,0.244232966,0.001017568,0.702549229,-0.001303242,0.711633225,1,3,-2.978700465,-0.002937246,0.027474721,0.000363616,-0.015802317,0.559683405,0.996588341,0.013810847,0.000346035,-0.081368422
1762457099.327172,0.006975133,0.023964447,-0.000063613,-0.000171927,-0.000961693,-0.000928787,0.434176800,-0.001415579,0.244232966,0.001017568,0.702549229,-0.001303242,0.711633225,1,3,-2.977662283,-0.004137364,0.026392635,0.000428233,-0.015798579,0.559591404,0.996551589,0.013320960,0.000981161,-0.081893341
1762457099.364257,-0.000502867,0.006199447,-0.000179613,0.000241073,-0.000526693,-0.000199787,0.434176800,-0.001415579,0.244232966,0.001017568,0.702549229,-0.001303242,0.711633225,1,3,-2.976980513,-0.004045865,0.026767763,0.000449525,-0.015797782,0.559588358,0.996521243,0.013504445,0.000915606,-0.082232625
1762457099.430742,0.014086133,0.017957447,0.011237387,0.000098073,0.000049307,0.000914213,0.434176800,-0.001415579,0.244232966,0.001017568,0.702549229,-0.001303242,0.711633225,1,3,-2.975069614,-0.003374747,0.026977598,0.000449152,-0.015800322,0.559553728,0.996441793,0.013581962,0.000559609,-0.083180349
1762457099.471734,-0.000081867,0.023791447,-0.009939613,0.000500073,-0.001079693,-0.001160787,0.434176800,-0.001415579,0.244232966,0.001017568,0.702549229,-0.001303242,0.711633225,1,3,-2.976407448,0.000134152,0.027221122,0.000451199,-0.015798531,0.559551620,0.996498936,0.013558213,-0.001189661,-0.082490182
1762457099.536058,-0.023387867,0.026776447,0.002054387,0.000336073,-0.000060693,-0.000445787,0.434176800,-0.001415579,0.244232966,0.001017568,0.702549229,-0.001303242,0.711633225,1,3,-2.976373519,-0.005292454,0.026812292,0.000455299,-0.015796475,0.559681678,0.996493799,0.013578316,0.001530783,-0.082543290
1762457099.568905,0.007123133,0.005019447,0.000596387,0.000247073,0.000793307,-0.000694787,0.434176800,-0.001415579,0.244232966,0.001017568,0.702549229,-0.001303242,0.711633225,1,3,-2.978252952,-0.003139803,0.027372180,0.000436685,-0.015798657,0.559641661,0.996570549,0.013768089,0.000448059,-0.081592765
1762457099.639450,0.006500133,0.008782447,0.017701387,-0.000032927,0.001219307,-0.000377787,0.434176800,-0.001415579,0.244232966,0.001017568,0.702549229,-0.001303242,0.711633225,1,3,-2.975338248,-0.002052622,0.027003566,0.000436565,-0.015797028,0.559503811,0.996454415,0.013539953,-0.000098365,-0.083037696
1762457099.671694,-0.015694867,0.004757447,0.005452387,0.000497073,0.000852307,-0.000689787,0.434176800,-0.001415579,0.244232966,0.001017568,0.702549229,-0.001303242,0.711633225,1,3,-2.978164781,-0.007936629,0.026658374,0.000443197,-0.015804820,0.559580849,0.996562574,0.013608089,0.002866784,-0.081667853
1762457099.747896,-0.023385867,0.031134447,-0.000450613,0.000198073,-0.000090693,-0.000498787,0.434176800,-0.001415579,0.244232966,0.001017568,0.702549229,-0.001303242,0.711633225,1,3,-2.976654412,-0.000670508,0.026895529,0.000416870,-0.015794261,0.559533419,0.996510809,0.013429270,-0.000773651,-0.082372711
1762457099.782401,-0.000989867,0.004280447,0.014831387,0.000234073,0.001184307,0.000191213,0.434176800,-0.001415579,0.244232966,0.001017568,0.702549229,-0.001303242,0.711633225,1,3,-2.977233250,-0.002345261,0.027235580,0.000397308,-0.015798823,0.559547854,0.996530745,0.013667652,0.000050753,-0.082095480
1762457099.846910,-0.016509867,0.022588447,0.019417387,-0.000333927,0.000148307,-0.000167787,0.434176800,-0.001415579,0.244232966,0.001017568,0.702549229,-0.001303242,0.711633225,1,3,-2.976417698,-0.005043596,0.027018308,0.000405414,-0.015801462,0.559583605,0.996494677,0.013670670,0.001398589,-0.082519787
1762457099.913396,0.006693133,0.013586447,0.010087387,-0.000034927,0.000690307,-0.000429787,0.434176800,-0.001415579,0.244232966,0.001017568,0.702549229,-0.001303242,0.711633225,1,3,-2.975495921,-0.003411343,0.026837583,0.000398291,-0.015796723,0.559480015,0.996460398,0.013513600,0.000586546,-0.082968154
1762457099.952106,0.007137133,0.013013447,-0.000192613,0.000641073,0.000785307,-0.000022787,0.434176800,-0.001415579,0.244232966,0.001017568,0.702549229,-0.001303242,0.711633225,1,3,-2.978432840,-0.002665377,0.027044249,0.000403687,-0.015800431,0.559637018,0.996580733,0.013585320,0.000226259,-0.081499886
1762457100.018687,-0.000644867,0.027073447,-0.008263613,-0.000183927,-0.000186693,0.000309213,0.434176800,-0.001415579,0.244232966,0.001017568,0.702549229,-0.001303242,0.711633225,1,3,-2.977575396,-0.005332823,0.026732714,0.000413137,-0.015805968,0.559748678,0.996543686,0.013539395,0.001562318,-0.081944647
1762457100.060458,-0.023323867,0.035998447,-0.012732613,-0.000475927,-0.000240693,-0.000557787,0.434176800,-0.001415579,0.244232966,0.001017568,0.702549229,-0.001303242,0.711633225,1,3,-2.976355505,-0.002104201,0.027070104,0.000396304,-0.015804973,0.559606693,0.996496015,0.013575281,-0.000068525,-0.082531203
1762457100.126105,-0.001151867,0.015231447,0.014959387,-0.000578927,-0.000562693,-0.000714787,0.434176800,-0.001415579,0.244232966,0.001017568,0.702549229,-0.001303242,0.711633225,1,3,-2.975616819,0.001257019,0.027060381,0.000407010,-0.015800739,0.559559203,0.996467770,0.013431118,-0.001747809,-0.082876616
1762457100.191175,-0.023600867,0.005083447,0.004449387,0.000083073,0.000402307,0.000570213,0.434176800,-0.001415579,0.244232966,0.001017568,0.702549229,-0.001303242,0.711633225,1,3,-2.976624011,-0.002933457,0.026932331,0.000403018,-0.015799059,0.559595547,0.996507038,0.013540796,0.000352155,-0.082402945
1762457100.259323,-0.015799867,0.014063447,-0.005499613,-0.000049927,0.000064307,0.000340213,0.434176800,-0.001415579,0.244232966,0.001017568,0.702549229,-0.001303242,0.711633225,1,3,-2.978815817,-0.001299507,0.027013915,0.000409213,-0.015803257,0.559699744,0.996597951,0.013514654,-0.000450519,-0.081299908
1762457100.328125,-0.015921867,0.004686447,-0.000936613,0.000224073,0.000556307,0.001215213,0.434176800,-0.001415579,0.244232966,0.001017568,0.702549229,-0.001303242,0.711633225,1,3,-2.977753673,-0.001185351,0.027229414,0.000409342,-0.015802725,0.559792527,0.996553271,0.013617121,-0.000523395,-0.081828340
1762457100.371940,-0.023514867,0.002930447,0.012575387,0.000091073,-0.001246693,-0.000932787,0.434176783,-0.001415579,0.244234276,0.001017565,0.702547083,-0.001303246,0.711635344,1,3,-2.978815133,-0.000414222,0.027617608,0.000402339,-0.015802184,0.559669828,0.996594484,0.013779492,-0.000916200,-0.081294033
1762457100.430004,-0.000154867,0.013670447,-0.009658613,0.000505073,0.000452307,-0.000658787,0.434176800,-0.001415579,0.244232966,0.001017568,0.702549229,-0.001303242,0.711633225,1,3,-2.975161067,-0.005364450,0.026697502,0.000398184,-0.015795379,0.559545001,0.996444218,0.013525041,0.001563194,-0.083147758
1762457100.497335,-0.000437867,0.022972447,-0.015628613,-0.000177927,-0.000276693,0.000365213,0.434176800,-0.001415579,0.244232966,0.001017568,0.702549229,-0.001303242,0.711633225,1,3,-2.978919622,-0.002168422,0.026884625,0.000369489,-0.015804725,0.559616841,0.996602191,0.013485542,-0.000011583,-0.081254001
1762457100.534063,-0.023355867,0.031387447,-0.005338613,-0.000069927,-0.000150693,-0.000501787,0.434176800,-0.001415579,0.244232966,0.001017568,0.702549229,-0.001303242,0.711633225,1,3,-2.976369020,-0.003922281,0.027295641,0.000346983,-0.015796838,0.559481459,0.996492647,0.013762641,0.000828117,-0.082536712
1762457100.600387,-0.008500867,0.012953447,0.010352387,-0.000046927,0.001349307,-0.000547787,0.434176800,-0.001415579,0.244232966,0.001017568,0.702549229,-0.001303242,0.711633225,1,3,-2.975587872,-0.006284412,0.026806842,0.000292020,-0.015798035,0.559503995,0.996459353,0.013617298,0.002019902,-0.082941231
1762457100.638700,0.014459133,0.005058447,0.005046387,0.000115073,0.000628307,-0.000066787,0.434176800,-0.001415579,0.244232966,0.001017568,0.702549229,-0.001303242,0.711633225,1,3,-2.975872633,-0.007225765,0.026807639,0.000283209,-0.015798229,0.559580527,0.996469040,0.013656338,0.002490826,-0.082805510
1762457100.706093,-0.001326867,0.034687447,0.016113387,-0.000066927,0.000328307,0.000580213,0.434176800,-0.001415579,0.244232966,0.001017568,0.702549229,-0.001303242,0.711633225,1,3,-2.976252284,-0.006044369,0.026993988,0.000286559,-0.015803051,0.559594576,0.996486075,0.013699966,0.001897095,-0.082608802
1762457100.744797,-0.000821867,0.031427447,-0.005787613,-0.000457927,-0.000156693,0.000251213,0.434176800,-0.001415579,0.244232966,0.001017568,0.702549229,-0.001303242,0.711633225,1,3,-2.976762567,-0.003773621,0.027407212,0.000280574,-0.015805470,0.559669585,0.996508326,0.013811952,0.000752161,-0.082339669
1762457100.810681,-0.015883867,0.035091447,-0.003359613,0.000064073,0.000092307,0.000087213,0.434176800,-0.001415579,0.244232966,0.001017568,0.702549229,-0.001303242,0.711633225,1,3,-2.974385331,-0.007781782,0.026552443,0.000264436,-0.015802935,0.559676976,0.996407573,0.013554246,0.002768342,-0.083549786
1762457100.854708,-0.038420867,0.022154447,-0.005395613,0.000329073,0.000285307,-0.000129787,0.434176800,-0.001415579,0.244232966,0.001017568,0.702549229,-0.001303242,0.711633225,1,3,-2.974535665,-0.005214205,0.026686167,0.000247996,-0.015799336,0.559560068,0.996418527,0.013513618,0.001484583,-0.083458352
1762457100.915279,0.020399133,0.040563447,0.062670387,0.000070073,-0.001509693,0.000092213,0.434179543,-0.001415588,0.244235984,0.001017564,0.702545864,-0.001303248,0.711636547,1,3,-2.973097843,-0.007451442,0.026638417,0.000179606,-0.015803731,0.559582487,0.996353810,0.013584967,0.002591428,-0.084189180
1762457100.981532,-0.046158867,0.019027447,-0.002077613,-0.000343927,-0.000113693,-0.001119787,0.434391670,-0.001416275,0.244386200,0.001017304,0.702360904,-0.001303575,0.711819097,1,3,-2.979500560,-0.004709223,0.026719545,0.000135496,-0.015811150,0.559724465,0.996623310,0.013506093,0.001265135,-0.080981255
1762457101.020467,-0.038566867,0.026762447,-0.007808613,-0.000212927,0.000255307,-0.000191787,0.434655971,-0.001417132,0.244493902,0.001017075,0.702197736,-0.001303862,0.711980059,1,3,-2.978758493,-0.004527438,0.026917043,0.000137368,-0.015813449,0.559830386,0.996592164,0.013597586,0.001161507,-0.081349952
1762457101.090753,-0.016212867,0.017098447,0.017103387,0.000344073,0.000994307,-0.000088787,0.435242002,-0.001419031,0.244606359,0.001016843,0.702026763,-0.001304153,0.712148643,1,3,-2.974329937,-0.008097778,0.026786439,0.000150627,-0.015804493,0.559629155,0.996402864,0.013684089,0.002915620,-0.083579763
1762457101.123854,0.014683133,0.022832447,-0.015989613,-0.000166927,-0.000280693,0.000873213,0.435564196,-0.001420074,0.244549868,0.001016990,0.702123550,-0.001303968,0.712053218,1,3,-2.974420496,-0.005918798,0.027089411,0.000144724,-0.015799492,0.559535819,0.996409599,0.013743999,0.001818001,-0.083520701
1762457101.191270,0.007629133,-0.026507553,-0.024630613,-0.000251927,-0.001264693,0.000459213,0.436292982,-0.001422435,0.244482033,0.001017180,0.702242627,-0.001303731,0.711935782,1,3,-2.977074469,-0.003733884,0.026520620,0.000153455,-0.015804826,0.559657386,0.996527238,0.013368448,0.000770947,-0.082183660
1762457101.231565,-0.007875867,0.039969447,-0.020673613,-0.000062927,-0.000335693,-0.000086787,0.436784049,-0.001424025,0.244468703,0.001017236,0.702273147,-0.001303661,0.711905677,1,3,-2.976841400,-0.005949281,0.026909856,0.000154220,-0.015806091,0.559629501,0.996511135,0.013653577,0.001857214,-0.082314570
1762457101.296176,-0.031577867,0.031062447,0.012954387,0.000183073,-0.000584693,0.001141213,0.437645899,-0.001426817,0.244463828,0.001017285,0.702292093,-0.001303600,0.711886987,1,3,-2.975478816,-0.006904836,0.026470862,0.000153597,-0.015802436,0.559626099,0.996455742,0.013475733,0.002342217,-0.082999232
1762457101.328057,-0.006839867,-0.007764553,-0.040715613,0.000397073,0.001165307,-0.001010787,0.438106392,-0.001428309,0.244466092,0.001017301,0.702295973,-0.001303579,0.711883159,1,3,-2.976797024,-0.006532825,0.026702569,0.000160661,-0.015805094,0.559739138,0.996509490,0.013574337,0.002156201,-0.082340295
1762457101.397646,0.007135133,0.004474447,-0.005182613,0.000380073,0.000942307,0.000460213,0.439181637,-0.001431792,0.244486945,0.001017311,0.702284402,-0.001303567,0.711894574,1,3,-2.974918623,-0.003501550,0.026872107,0.000159650,-0.015800859,0.559539915,0.996436046,0.013534722,0.000626151,-0.083256386
1762457101.435505,-0.039865867,0.018766447,0.036356387,-0.000622927,-0.000303693,0.000243213,0.439806476,-0.001433816,0.244513222,0.001017283,0.702254366,-0.001303603,0.711924203,1,3,-2.978272080,-0.006989907,0.027121868,0.000160919,-0.015808259,0.559750046,0.996566057,0.013800303,0.002376861,-0.081608797
1762457101.500942,-0.008923867,0.009698447,0.021863387,-0.000182927,0.000176307,0.000241213,0.440948744,-0.001437516,0.244555884,0.001017238,0.702203904,-0.001303659,0.711973976,1,3,-2.974995387,-0.000598618,0.027015210,0.000157092,-0.015800503,0.559614335,0.996441383,0.013485261,-0.000825586,-0.083198771
1762457101.535628,0.022190133,0.044044447,-0.018919613,-0.000315927,-0.000314693,0.000871213,0.441591628,-0.001439598,0.244581371,0.001017212,0.702175183,-0.001303691,0.712002302,1,3,-2.975075427,-0.001292285,0.027470174,0.000155826,-0.015807924,0.559652009,0.996441059,0.013740805,-0.000498364,-0.083163438
1762457101.577591,-0.039418867,0.021742447,0.028938387,0.000182073,0.000482307,0.000225213,0.442388306,-0.001442179,0.244622363,0.001017163,0.702127537,-0.001303753,0.712049288,1,3,-2.974273722,-0.003857707,0.027093441,0.000155613,-0.015800479,0.559516821,0.996407116,0.013660068,0.000789977,-0.083580127
1762457101.639985,-0.015732867,0.043556447,-0.008462613,0.000192073,0.000031307,-0.000008787,0.443631327,-0.001446205,0.244677368,0.001017099,0.702062510,-0.001303832,0.712113402,1,3,-2.975269266,-0.001677745,0.027314503,0.000160925,-0.015806061,0.559697286,0.996449820,0.013679300,-0.000298521,-0.083069512
1762457101.704284,-0.039745867,0.026978447,0.036141387,-0.000226927,-0.000304693,0.000150213,0.444964732,-0.001450524,0.244713597,0.001017085,0.702030329,-0.001303850,0.712145128,1,3,-2.975420313,-0.002477276,0.027321478,0.000155209,-0.015803349,0.559632245,0.996455176,0.013715966,0.000100573,-0.082999663
1762457101.741153,0.006291133,0.030590447,0.018661387,0.000078073,0.000140307,0.000502213,0.445766287,-0.001453121,0.244754463,0.001017040,0.701985606,-0.001303906,0.712189213,1,3,-2.972900158,-0.003560330,0.026980462,0.000163343,-0.015800043,0.559596213,0.996350694,0.013591802,0.000637209,-0.084262402
1762457101.780534,-0.015975867,0.022598447,0.004472387,0.000075073,-0.000032693,-0.000148787,0.446638917,-0.001455947,0.244794653,0.001017000,0.701943661,-0.001303954,0.712230554,1,3,-2.972859695,-0.001251930,0.027362721,0.000158414,-0.015798455,0.559646156,0.996349087,0.013685014,-0.000529163,-0.084267063
1762457101.846031,0.006527133,0.022385447,0.008912387,-0.000045927,0.000021307,0.000607213,0.448140900,-0.001460812,0.244866267,0.001016922,0.701864503,-0.001304051,0.712308560,1,3,-2.976777229,-0.009030810,0.026555887,0.000170263,-0.015809292,0.559784795,0.996503460,0.013604009,0.003406746,-0.082366126
1762457101.887383,-0.024586867,0.000756447,0.041161387,0.000075073,0.000191307,0.000973213,0.449114827,-0.001463967,0.244914932,0.001016868,0.701810399,-0.001304118,0.712361867,1,3,-2.975027601,-0.003583014,0.027155118,0.000162129,-0.015805300,0.559763146,0.996438538,0.013679077,0.000655702,-0.083202723
1762457101.949962,-0.007876867,0.035612447,-0.018168613,0.000075073,-0.000305693,-0.000033787,0.450639596,-0.001468906,0.244992381,0.001016784,0.701727131,-0.001304221,0.712443892,1,3,-2.975110302,-0.006334006,0.026829208,0.000165687,-0.015805408,0.559669922,0.996439261,0.013630984,0.002040428,-0.083179516
1762457102.016883,-0.023893867,0.035202447,0.016083387,0.000321073,-0.000326693,0.000202213,0.452300154,-0.001474284,0.245068965,0.001016709,0.701647374,-0.001304313,0.712522440,1,3,-2.973109613,-0.004154432,0.026892506,0.000170950,-0.015803594,0.559665099,0.996359202,0.013572902,0.000938304,-0.084161960
1762457102.053739,0.043826133,0.027271447,0.041214387,0.000107073,-0.000677693,-0.000112787,0.453238362,-0.001477323,0.245119056,0.001016655,0.701594317,-0.001304379,0.712574684,1,3,-2.974857342,-0.004085192,0.026733591,0.000171453,-0.015805611,0.559727070,0.996433553,0.013490021,0.000922286,-0.083290714
1762457102.120466,-0.771952867,0.245663447,0.343412387,-0.000314927,-0.027816693,0.015475213,0.454979453,-0.001482962,0.245189216,0.001016606,0.701532055,-0.001304437,0.712635980,1,3,-2.974824721,-0.007740245,0.026568359,0.000170610,-0.015805304,0.559767012,0.996425900,0.013559839,0.002749963,-0.083330632
1762457102.155725,-1.107258867,0.283774447,0.325165387,0.000164073,-0.031754693,0.026359213,0.455914272,-0.001485990,0.245233418,0.001016567,0.701489267,-0.001304484,0.712678099,1,3,-2.977396035,-0.001144590,0.027131446,0.000165297,-0.015806840,0.559723131,0.996539323,0.013566542,-0.000542123,-0.082006293
1762457102.194526,-1.131661867,0.057941447,0.549988387,0.000793073,-0.051772693,0.012166213,0.456950363,-0.001489345,0.245290023,0.001016516,0.701436812,-0.001304546,0.712729727,1,3,-2.978578199,0.005307810,0.029121572,0.000350032,-0.015904327,0.560424109,0.996574107,0.014295832,-0.003830260,-0.081369579
1762457102.260993,-1.198208867,0.037883447,0.509492387,-0.000009927,-0.054670693,0.006725213,0.458776499,-0.001495260,0.245384086,0.001016435,0.701351006,-0.001304643,0.712814164,1,3,-2.984326638,0.001882363,0.035300462,0.001302890,-0.016275381,0.561165634,0.996755601,0.017520851,-0.002324515,-0.078523170
1762457102.324363,-1.252906867,0.033847447,0.603784387,-0.000578927,-0.066202693,0.001874213,0.460537791,-0.001500964,0.245477199,0.001016357,0.701267675,-0.001304737,0.712896144,1,3,-2.982481891,0.009006569,0.041315251,0.002341460,-0.016597643,0.561248614,0.996621740,0.020232810,-0.006129627,-0.079361002
1762457102.366293,-1.161423867,0.025044447,0.594692387,-0.000767927,-0.060849693,0.000073213,0.461719865,-0.001504792,0.245537786,0.001016305,0.701212552,-0.001304798,0.712950364,1,3,-2.982858577,0.007297429,0.045629114,0.002887567,-0.016748838,0.561368326,0.996592633,0.022451407,-0.005444929,-0.079179606
1762457102.399840,-1.108066867,0.002638447,0.587838387,-0.000704927,-0.059623693,0.000598213,0.462668220,-0.001507864,0.245592255,0.001016259,0.701164897,-0.001304853,0.712997231,1,3,-2.982298125,0.004332823,0.049364584,0.003458645,-0.016912905,0.561461331,0.996528122,0.024429175,-0.004122479,-0.079485363
1762457102.470925,-1.204289867,-0.092859553,0.588466387,-0.000232927,-0.066616693,-0.009905787,0.464746784,-0.001514595,0.245690801,0.001016191,0.701084058,-0.001304932,0.713076719,1,3,-2.981419743,0.005740936,0.056631768,0.004592514,-0.017228871,0.561637494,0.996397607,0.027991690,-0.005125100,-0.079887465
1762457102.504656,-1.134997867,-0.093602553,0.553958387,-0.000172927,-0.061133693,-0.011016787,0.465729124,-0.001517776,0.245732837,0.001016173,0.701055428,-0.001304952,0.713104867,1,3,-2.982371775,0.006908400,0.060532774,0.005178931,-0.017384110,0.561880918,0.996378590,0.029891166,-0.005848270,-0.079385278
1762457102.570184,-1.052880867,-0.087028553,0.597459387,-0.000134927,-0.059948693,-0.009488787,0.467654465,-0.001524011,0.245834015,0.001016098,0.700972718,-0.001305038,0.713186170,1,3,-2.983897975,0.003829174,0.068260306,0.006389940,-0.017706731,0.561874585,0.996315911,0.033866732,-0.004595284,-0.078654522
1762457102.636556,-1.126369867,-0.115091553,0.535981387,-0.000531927,-0.059168693,-0.015063787,0.469615535,-0.001530362,0.245942705,0.001016008,0.700878917,-0.001305143,0.713278353,1,3,-2.990734994,0.010657789,0.076335149,0.007660603,-0.018023156,0.562247779,0.996431547,0.037647992,-0.008185314,-0.075098611
1762457102.679399,-1.051657867,-0.064032553,0.573786387,-0.000400927,-0.060014693,-0.014698787,0.470911552,-0.001534559,0.246008418,0.001015963,0.700826622,-0.001305195,0.713329735,1,3,-2.985506001,0.007058959,0.080573663,0.008300093,-0.018176859,0.561729548,0.996152108,0.039878142,-0.006655932,-0.077758661
1762457102.715037,-0.952504867,-0.091875553,0.559220387,0.000105073,-0.058007693,-0.013337787,0.471979984,-0.001538019,0.246073308,0.001015912,0.700774059,-0.001305255,0.713381372,1,3,-2.994617175,0.006302249,0.083951346,0.008958813,-0.018300795,0.561974101,0.996427281,0.041618724,-0.006220848,-0.073224701
1762457102.781129,-0.962060867,-0.080901553,0.613883387,-0.000074927,-0.057343693,-0.010725787,0.474021195,-0.001544629,0.246196587,0.001015808,0.700669530,-0.001305376,0.713484039,1,3,-2.984117918,0.006266652,0.091481375,0.010269535,-0.018596838,0.561919854,0.995865513,0.045336655,-0.006716855,-0.078430556
1762457102.815320,-1.104800867,-0.045283553,0.532558387,-0.000331927,-0.063792693,-0.007906787,0.475081695,-0.001548063,0.246267765,0.001015744,0.700607901,-0.001305452,0.713544556,1,3,-2.984129160,0.004963595,0.096117424,0.010945081,-0.018745329,0.561756586,0.995757546,0.047696282,-0.006249623,-0.078440525
1762457102.885136,-0.899689867,-0.101077553,0.545829387,-0.000127927,-0.053800693,-0.009926787,0.477250288,-0.001555085,0.246406589,0.001015629,0.700494020,-0.001305585,0.713656354,1,3,-2.988422841,0.014671101,0.104789144,0.012285147,-0.019035897,0.562175966,0.995703153,0.051655222,-0.011310716,-0.076019977
1762457102.917356,-0.997885867,-0.102999553,0.558230387,-0.000449927,-0.058677693,-0.015110787,0.478258123,-0.001558348,0.246468136,0.001015585,0.700447625,-0.001305634,0.713701890,1,3,3.069006796,0.019379392,0.109368022,0.012972224,-0.019342700,0.562406521,0.997781610,0.054969264,-0.007685564,0.036758273
1762457102.986379,-0.936041867,-0.105391553,0.497569387,-0.000393927,-0.056790693,-0.012245787,0.480427717,-0.001565374,0.246615459,0.001015465,0.700329598,-0.001305774,0.713817707,1,3,3.063863544,0.033189140,0.117872380,0.014398227,-0.019618858,0.562413513,0.997334624,0.059493124,-0.014264177,0.039758642
1762457103.021852,-0.897799867,-0.139479553,0.493097387,-0.000195927,-0.056628693,-0.011704787,0.481538494,-0.001568970,0.246682530,0.001015418,0.700279560,-0.001305827,0.713866795,1,3,-2.990351671,0.015132457,0.121326979,0.015092558,-0.019586475,0.562385249,0.995314090,0.059880737,-0.012110746,-0.074949915
1762457103.090365,-0.813675867,-0.106296553,0.446159387,-0.000837927,-0.046924693,-0.011959787,0.483736181,-0.001576086,0.246831689,0.001015301,0.700164242,-0.001305960,0.713979900,1,3,-2.989394885,0.007409088,0.128683722,0.016524514,-0.019828133,0.562186400,0.995053923,0.063829894,-0.008574382,-0.075630120
1762457103.124874,-0.683586867,-0.161808553,0.455310387,-0.000392927,-0.049219693,-0.016502787,0.484826264,-0.001579616,0.246893403,0.001015264,0.700121404,-0.001306000,0.714021907,1,3,-2.986052208,0.012006358,0.133808899,0.017221224,-0.019965957,0.562356574,0.994760171,0.066185922,-0.011165568,-0.077116513
1762457103.192578,-0.837326867,-0.063232553,0.477131387,0.000027073,-0.044576693,-0.011345787,0.486982227,-0.001586596,0.247038741,0.001015152,0.700010272,-0.001306127,0.714130858,1,3,-2.992396771,0.005350445,0.141315283,0.018628825,-0.020210494,0.562424522,0.994741107,0.070203383,-0.007922750,-0.074154199
1762457103.227538,-0.675254867,-0.084154553,0.351460387,0.000187073,-0.036704693,-0.007579787,0.488110670,-0.001590250,0.247121554,0.001015087,0.699947532,-0.001306201,0.714192352,1,3,-2.991030361,0.018053546,0.147113744,0.019287092,-0.020330010,0.562297086,0.994480661,0.072602367,-0.014503749,-0.074342135
1762457103.296328,-0.548190867,-0.148932553,0.464707387,-0.000063927,-0.042984693,-0.010583787,0.490319803,-0.001597402,0.247280171,0.001014973,0.699834256,-0.001306329,0.714303351,1,3,-2.986931269,0.016042804,0.155759135,0.020701496,-0.020550772,0.562244807,0.994005683,0.076948062,-0.013983310,-0.076394802
1762457103.335336,-0.796627867,-0.047561553,0.357712387,0.000071073,-0.043182693,-0.009791787,0.491599432,-0.001601545,0.247370082,0.001014909,0.699769849,-0.001306400,0.714366448,1,3,-2.999529364,0.012217115,0.159467235,0.021454686,-0.020684753,0.562809163,0.994325263,0.079014672,-0.011726507,-0.070259816
1762457103.400373,-0.668067867,-0.098328553,0.403999387,0.000479073,-0.038471693,-0.012140787,0.493697002,-0.001608336,0.247512940,0.001014814,0.699671915,-0.001306504,0.714462368,1,3,3.079648299,0.042797857,0.170452948,0.022876498,-0.021025254,0.562377456,0.995608151,0.085723242,-0.018673977,0.032668299
1762457103.463937,-0.660604867,-0.121404553,0.420647387,0.000247073,-0.044608693,-0.012767787,0.495778083,-0.001615074,0.247655537,0.001014729,0.699580860,-0.001306595,0.714551526,1,3,-2.995769261,0.009466702,0.175337703,0.024333224,-0.021075170,0.562709860,0.993531931,0.086979502,-0.011080801,-0.072153200
1762457103.501958,-0.637937867,-0.142325553,0.429428387,-0.000117927,-0.044286693,-0.013672787,0.497012104,-0.001619069,0.247741684,0.001014678,0.699526848,-0.001306649,0.714604403,1,3,3.069874362,0.060640831,0.182785690,0.025010941,-0.021303503,0.561931467,0.994629783,0.092247405,-0.026899338,0.038450439
1762457103.568223,-0.684751867,-0.102508553,0.447772387,-0.000609927,-0.046902693,-0.010744787,0.499187812,-0.001626112,0.247910944,0.001014561,0.699412218,-0.001306779,0.714716596,1,3,3.079562823,0.051380097,0.192173567,0.026472770,-0.021479478,0.562195581,0.994503798,0.096654099,-0.022582355,0.033319937
1762457103.607267,-0.684158867,-0.135915553,0.449584387,-0.000304927,-0.042293693,-0.013765787,0.500452208,-0.001630205,0.248006605,0.001014492,0.699345657,-0.001306854,0.714781726,1,3,-2.984889186,0.018237659,0.194030553,0.027198162,-0.021423740,0.562320970,0.992272088,0.095851601,-0.016629299,-0.077019740
1762457103.641280,-0.539115867,-0.119497553,0.426518387,-0.000330927,-0.041040693,-0.015606787,0.501576296,-0.001633844,0.248086247,0.001014448,0.699298188,-0.001306899,0.714828166,1,3,3.085000426,0.058568952,0.201458946,0.027943077,-0.021657247,0.562510292,0.994023076,0.101300074,-0.026276374,0.031080082
1762457103.712099,-0.614890867,-0.113775553,0.394540387,-0.000401927,-0.039243693,-0.012092787,0.503905391,-0.001641384,0.248252773,0.001014357,0.699200205,-0.001306993,0.714924008,1,3,-2.983772026,0.010471773,0.207495287,0.029348244,-0.021646515,0.561625073,0.991557120,0.102827434,-0.013354994,-0.077862966
1762457103.749377,-0.569302867,-0.110171553,0.381864387,-0.000500927,-0.043330693,-0.009846787,0.505124791,-0.001645331,0.248348132,0.001014300,0.699142031,-0.001307054,0.714980897,1,3,3.090131858,0.059135838,0.214135646,0.030128090,-0.021882060,0.562472536,0.993428869,0.107537555,-0.026636459,0.028727276
1762457103.816571,-0.424713867,-0.163006553,0.415114387,-0.000998927,-0.038560693,-0.017377787,0.507352829,-0.001652543,0.248522369,0.001014184,0.699028364,-0.001307178,0.715092029,1,3,-2.988288127,0.016154605,0.220792058,0.031594461,-0.021862503,0.562305397,0.991029890,0.109230076,-0.016440857,-0.075221310
1762457103.881158,-0.400259867,-0.111141553,0.335312387,-0.000082927,-0.032091693,-0.015642787,0.509472139,-0.001659403,0.248677908,0.001014099,0.698938085,-0.001307264,0.715180268,1,3,-2.983332630,0.006402741,0.228598483,0.033046768,-0.021968820,0.562043109,0.990390008,0.113441658,-0.012185882,-0.078167292
1762457103.918568,-0.422103867,-0.127474553,0.275501387,0.000451073,-0.029977693,-0.010439787,0.510710815,-0.001663413,0.248782280,0.001014028,0.698870223,-0.001307341,0.715246582,1,3,-2.990286740,0.018717994,0.234114106,0.033798201,-0.022047229,0.562445520,0.990355137,0.115748244,-0.018094918,-0.073970404
1762457103.982367,-0.346283867,-0.143245553,0.275990387,-0.000417927,-0.025821693,-0.011920787,0.512837028,-0.001670295,0.248972322,0.001013890,0.698743095,-0.001307492,0.715370778,1,3,-2.986585466,0.015809228,0.241771989,0.035254672,-0.022136606,0.562150223,0.989765073,0.119618472,-0.017159941,-0.075908223
1762457104.022913,-0.438033867,-0.109144553,0.311865387,-0.000117927,-0.030409693,-0.013488787,0.514171012,-0.001674613,0.249088230,0.001013812,0.698669606,-0.001307575,0.715442551,1,3,3.090188061,0.077932747,0.250601076,0.035996889,-0.022337182,0.562299926,0.990954445,0.125830122,-0.035429035,0.030345533
1762457104.085472,-0.262638867,-0.137013553,0.273287387,-0.000487927,-0.027601693,-0.012255787,0.516245498,-0.001681328,0.249264761,0.001013703,0.698563247,-0.001307690,0.715546401,1,3,-2.991552837,0.009825814,0.255546307,0.037479753,-0.022291503,0.562423318,0.989093349,0.126700609,-0.014409522,-0.073713414
1762457104.124117,-0.373664867,-0.132272553,0.183122387,-0.000010927,-0.022794693,-0.015648787,0.517521378,-0.001685457,0.249377101,0.001013630,0.698494097,-0.001307767,0.715613904,1,3,-2.981061348,0.005236687,0.258982143,0.038187140,-0.022300536,0.562015520,0.988458857,0.128505131,-0.012941562,-0.079170922
1762457104.193632,-0.314594867,-0.139961553,0.223516387,0.000019073,-0.025145693,-0.010898787,0.519817915,-0.001692890,0.249585009,0.001013495,0.698367421,-0.001307910,0.715737527,1,3,-2.981595980,0.012215592,0.268764014,0.039655854,-0.022364393,0.562057595,0.987861959,0.133063252,-0.016739717,-0.078375401
1762457104.261353,-0.252987867,-0.129294553,0.197739387,0.000061073,-0.018026693,-0.013549787,0.522074669,-0.001700194,0.249786812,0.001013365,0.698244512,-0.001308046,0.715857433,1,3,-2.982536297,0.012863331,0.277071520,0.041139602,-0.022431056,0.562225380,0.987338981,0.137147673,-0.017320357,-0.077796254
1762457104.295826,-0.284731867,-0.093230553,0.222509387,-0.000014927,-0.021656693,-0.009688787,0.523212535,-0.001703877,0.249882176,0.001013313,0.698192198,-0.001308098,0.715908456,1,3,-2.985042236,0.018035316,0.282634114,0.041879952,-0.022454174,0.562374443,0.987059120,0.139712089,-0.019913446,-0.076146446
1762457104.363433,-0.220892867,-0.153755553,0.131238387,0.000386073,-0.010312693,-0.013326787,0.525433072,-0.001711063,0.250079812,0.001013200,0.698081827,-0.001308213,0.716016079,1,3,-2.982418283,0.019421924,0.290722293,0.043310213,-0.022461760,0.562157178,0.986386977,0.143620565,-0.021093458,-0.077258860
1762457104.432352,-0.145055867,-0.061368553,0.066839387,0.000336073,-0.003217693,-0.006530787,0.527715297,-0.001718449,0.250284414,0.001013099,0.697978840,-0.001308311,0.716116471,1,3,-2.983166535,0.010231608,0.298499715,0.044758149,-0.022486624,0.562080381,0.985829340,0.147827849,-0.016809272,-0.077491210
1762457104.468810,-0.190655867,-0.077640553,0.091477387,0.000063073,-0.011443693,-0.009017787,0.528920539,-0.001722349,0.250396987,0.001013037,0.697919137,-0.001308372,0.716174658,1,3,-2.981786730,0.013603499,0.303462754,0.045482931,-0.022489789,0.562093588,0.985416241,0.150127448,-0.018766293,-0.077874306
1762457104.537685,-0.168383867,-0.032667553,0.078692387,0.000149073,-0.002416693,-0.006506787,0.531187964,-0.001729687,0.250609530,0.001012914,0.697801407,-0.001308497,0.716289368,1,3,-2.981896362,0.017088294,0.312783880,0.046930263,-0.022504744,0.562224234,0.984718608,0.154580088,-0.020835978,-0.077460453
1762457104.572536,-0.160045867,-0.086369553,0.094225387,-0.000301927,-0.010099693,-0.011714787,0.532305922,-0.001733304,0.250715980,0.001012852,0.697742680,-0.001308560,0.716346574,1,3,-2.988927508,0.013793278,0.316818374,0.047650520,-0.022494700,0.562189516,0.984663569,0.156765085,-0.018819702,-0.074217129
1762457104.637999,-0.137312867,-0.067282553,0.050458387,-0.000050927,-0.005821693,-0.005056787,0.534486336,-0.001740360,0.250931504,0.001012722,0.697622404,-0.001308692,0.716463707,1,3,-2.981480871,0.014569715,0.325594934,0.049075726,-0.022469457,0.562077731,0.983685642,0.160981062,-0.020126653,-0.077733990
1762457104.677897,-0.032602867,-0.019932553,0.078781387,0.000890073,-0.000663693,0.000190213,0.535815675,-0.001744662,0.251067520,0.001012638,0.697545244,-0.001308779,0.716538830,1,3,-2.975186928,0.006135923,0.328131089,0.049740164,-0.022426974,0.561524340,0.983195521,0.162513166,-0.016590115,-0.081491146
1762457104.747705,-0.196722867,-0.039116553,-0.019041613,0.000149073,-0.000543693,-0.003555787,0.538123145,-0.001752128,0.251298203,0.001012505,0.697421282,-0.001308911,0.716659485,1,3,-2.983013329,0.004414090,0.336671144,0.051185664,-0.022394945,0.561856180,0.982794519,0.166842553,-0.015439387,-0.077718222
1762457104.813190,-0.038881867,-0.020040553,0.024568387,0.000766073,-0.000228693,0.000361213,0.540270419,-0.001759076,0.251511995,0.001012383,0.697306706,-0.001309033,0.716770967,1,3,-2.988880538,0.023018242,0.347256109,0.052635232,-0.022382914,0.562208202,0.982181203,0.171377493,-0.024480151,-0.073147526
1762457104.848506,-0.040374867,-0.019310553,0.083465387,0.000748073,-0.001262693,0.000304213,0.541414340,-0.001762778,0.251633645,0.001012306,0.697237823,-0.001309112,0.716837973,1,3,-2.986412043,0.013454791,0.350667708,0.053341301,-0.022352765,0.562138622,0.981774612,0.173394675,-0.020125002,-0.075152389
1762457104.913234,-0.009205867,-0.018787553,0.043964387,0.000245073,-0.001305693,0.000573213,0.543527662,-0.001769616,0.251837815,0.001012210,0.697142607,-0.001309199,0.716930573,1,3,-2.990321089,0.015160684,0.359712397,0.054775936,-0.022291036,0.562282084,0.981130802,0.177807970,-0.020953728,-0.072990522
1762457104.953504,-0.002047867,-0.027287553,0.069425387,0.000388073,-0.001215693,-0.000230787,0.544854142,-0.001773907,0.251978614,0.001012129,0.697068137,-0.001309280,0.717002980,1,3,-2.990097809,0.022618621,0.364597728,0.055473900,-0.022250942,0.562208518,0.980702021,0.179917783,-0.024808089,-0.072371926
1762457105.018260,-0.000807867,-0.001563553,-0.001369613,-0.000158927,-0.001417693,0.001411213,0.546934547,-0.001780638,0.252201359,0.001012009,0.696956428,-0.001309398,0.717111567,1,3,-2.983422426,0.013788352,0.372683838,0.056969418,-0.022150592,0.562184653,0.979694660,0.184146709,-0.021389717,-0.076359952
1762457105.056814,-0.008684867,0.025134447,0.015782387,0.000742073,0.000761307,0.001216213,0.548041978,-0.001784221,0.252319889,0.001011947,0.696898786,-0.001309457,0.717167584,1,3,-3.009434525,0.021301985,0.379473490,0.057929083,-0.022161987,0.563050470,0.979987716,0.187487429,-0.022889586,-0.062837951
1762457105.124203,-0.015435867,-0.037699553,0.011874387,0.000809073,0.001145307,-0.001319787,0.549872622,-0.001790144,0.252524032,0.001011823,0.696788028,-0.001309582,0.717275195,1,3,-3.018339005,-0.009437664,0.389246525,0.060259413,-0.022016177,0.564066761,0.979190999,0.193312778,-0.007289826,-0.061335281
1762457105.189581,-0.038663867,0.030812447,-0.002033613,0.000585073,-0.000546693,0.001290213,0.551540797,-0.001795541,0.252709963,0.001011713,0.696689519,-0.001309691,0.717370877,1,3,-3.031584161,-0.068667814,0.403078710,0.063764543,-0.021758039,0.565588336,0.977323531,0.201606220,0.022582912,-0.060693165
1762457105.232371,0.012495133,-0.001888553,0.087610387,0.000636073,-0.001865693,0.000719213,0.552562812,-0.001798847,0.252812998,0.001011668,0.696644975,-0.001309730,0.717414134,1,3,-3.039565811,-0.098566405,0.414235869,0.066159231,-0.021529724,0.566536895,0.975651304,0.207581723,0.037674533,-0.059958237
1762457105.297402,0.028651133,-0.056328553,0.052500387,-0.000092927,-0.001424693,0.000376213,0.554055571,-0.001803677,0.252979032,0.001011588,0.696569017,-0.001309805,0.717487885,1,3,-3.069265291,0.371484741,0.491897549,0.072598467,-0.020892179,0.569091488,0.954226272,0.232656084,-0.187653241,0.010470372
1762457105.361257,-0.023903867,0.000693447,0.016122387,0.000351073,0.000107307,0.001379213,0.555410250,-0.001808059,0.253122540,0.001011527,0.696509350,-0.001309857,0.717545808,1,3,-3.071787247,0.432905806,0.564360731,0.083520441,-0.019185788,0.574667948,0.939554380,0.264589265,-0.215637099,0.027032003
1762457105.912349,0.019874133,0.031291447,0.076846387,0.000070073,-0.001120693,0.001334213,0.564223670,-0.001836568,0.254125347,0.001011026,0.696047443,-0.001310321,0.717993884,1,3,-3.001548812,-0.117093420,1.548655675,0.244033636,0.075880531,0.584503504,0.709054884,0.699253764,-0.007109892,-0.090745765
1762457105.949868,-0.000925867,-0.013953553,0.012369387,-0.000280927,-0.001251693,0.000024213,0.564672237,-0.001838019,0.254192593,0.001010979,0.696008923,-0.001310370,0.718031225,1,3,-3.108279011,-0.060261777,1.601203118,0.233235999,0.073914762,0.554220742,0.695502298,0.717699128,0.009023430,-0.033212858
1762457105.987282,-0.016719867,-0.002743553,0.027804387,0.000222073,-0.000844693,0.002043213,0.565100771,-0.001839406,0.254242441,0.001010957,0.695988207,-0.001310390,0.718051305,1,3,-3.119992572,-0.047569568,1.601819927,0.232872980,0.073746727,0.554792548,0.695631782,0.717923610,0.008800985,-0.024589761
1762457106.056705,-0.046266867,-0.023339553,0.006904387,0.000229073,-0.000881693,0.000915213,0.565850053,-0.001841829,0.254331238,0.001010903,0.695941340,-0.001310442,0.718096729,1,3,-3.096358026,-0.058834035,1.594032126,0.232418612,0.074010550,0.553888564,0.697887349,0.715246507,0.004380490,-0.036830604
1762457106.093810,-0.061496867,0.018198447,0.006117387,0.000579073,-0.000449693,0.000676213,0.566232716,-0.001843067,0.254380467,0.001010881,0.695920629,-0.001310463,0.718116801,1,3,-3.099015448,-0.058615199,1.594257588,0.232190601,0.073951245,0.553584026,0.697858946,0.715319400,0.005250339,-0.035825708
1762457106.159055,-0.001589867,0.017920447,0.030285387,0.000347073,-0.000374693,0.001539213,0.566865950,-0.001845115,0.254442752,0.001010865,0.695901956,-0.001310470,0.718134896,1,3,-3.100171392,-0.059272630,1.593717840,0.232829984,0.073521517,0.554666750,0.698060920,0.715125711,0.005903084,-0.035655622
1762457106.192235,-0.017151867,-0.014620553,0.056491387,0.000097073,-0.001153693,0.000258213,0.567176095,-0.001846118,0.254476237,0.001010851,0.695888072,-0.001310482,0.718148349,1,3,-3.103836019,-0.056957682,1.594701362,0.232766797,0.073399862,0.554374922,0.697812447,0.715465717,0.006387916,-0.033552799
1762457106.261952,-0.046976867,-0.016611553,0.031536387,0.000346073,0.000510307,0.001196213,0.567801994,-0.001848143,0.254580128,0.001010765,0.695820503,-0.001310576,0.718213818,1,3,-3.101735699,-0.054812485,1.594710377,0.232912431,0.073456326,0.554722926,0.697809820,0.715481688,0.004887100,-0.033519034
1762457106.328445,0.021882133,0.022223447,0.002774387,0.000503073,-0.000488693,0.001890213,0.568351592,-0.001849920,0.254638029,0.001010743,0.695798456,-0.001310593,0.718235177,1,3,-3.101271956,-0.053810748,1.595288320,0.232912978,0.073458709,0.554731410,0.697611966,0.715687100,0.004361667,-0.033324116
1762457106.367620,-0.069360867,0.006327447,0.018632387,0.000448073,-0.001173693,0.000554213,0.568661719,-0.001850923,0.254678435,0.001010719,0.695777504,-0.001310617,0.718255474,1,3,-3.103379554,-0.055337094,1.594993179,0.232864777,0.073437808,0.554593685,0.697727330,0.715574429,0.005653730,-0.033133753
1762457106.433361,-0.024223867,0.022375447,0.028673387,0.000195073,-0.000175693,0.000344213,0.569148190,-0.001852497,0.254735946,0.001010695,0.695755173,-0.001310636,0.718277106,1,3,-3.101361237,-0.053338061,1.594604325,0.232956895,0.073468456,0.554825596,0.697865996,0.715449488,0.004239884,-0.033122556
1762457106.471003,-0.038923867,-0.023753553,0.017739387,-0.000034927,-0.000094693,0.000018213,0.569414542,-0.001853358,0.254763716,0.001010685,0.695744666,-0.001310644,0.718287283,1,3,-3.101732291,-0.054972713,1.594949637,0.232855720,0.073440434,0.554594784,0.697721487,0.715564712,0.004937831,-0.033578073
1762457106.538028,-0.023705867,0.005853447,0.009527387,-0.000050927,-0.000191693,0.000174213,0.569873350,-0.001854842,0.254824460,0.001010646,0.695711860,-0.001310683,0.718319057,1,3,-3.101179647,-0.053728436,1.595309602,0.232910654,0.073455247,0.554725050,0.697604179,0.715694935,0.004299538,-0.033326936
1762457106.572159,-0.024197867,-0.003972553,0.024181387,-0.000050927,0.000859307,0.001041213,0.570096034,-0.001855563,0.254856900,0.001010625,0.695694748,-0.001310704,0.718335631,1,3,-3.101278841,-0.054898411,1.594841861,0.232889188,0.073454002,0.554683654,0.697753664,0.715528421,0.004751461,-0.033709451
1762457106.640322,0.029902133,-0.030514553,0.001579387,0.000434073,-0.002256693,0.001256213,0.570516072,-0.001856921,0.254914200,0.001010594,0.695667391,-0.001310735,0.718362124,1,3,-3.101089221,-0.054436062,1.594929741,0.232898534,0.073461210,0.554710066,0.697726785,0.715560778,0.004520658,-0.033610570
1762457106.683205,-0.023756867,-0.007107553,0.016691387,0.000362073,-0.000323693,0.000711213,0.570765054,-0.001857726,0.254939176,0.001010591,0.695662683,-0.001310733,0.718366684,1,3,-3.102237157,-0.053778868,1.595482304,0.232904302,0.073463021,0.554703429,0.697559071,0.715752660,0.004692727,-0.032976504
1762457106.744664,0.006881133,-0.039848553,0.007700387,-0.000114927,-0.000873693,0.000596213,0.571102089,-0.001858816,0.254975526,0.001010576,0.695647711,-0.001310746,0.718381182,1,3,-3.102281301,-0.052804917,1.595315781,0.232921027,0.073466248,0.554754956,0.697635299,0.715697076,0.004371177,-0.032612545
1762457106.808713,-0.023837867,0.005737447,0.014859387,-0.000185927,0.000091307,-0.000211787,0.571437088,-0.001859900,0.255018834,0.001010549,0.695624679,-0.001310773,0.718403485,1,3,-3.100517157,-0.053829737,1.594874419,0.232992035,0.073489652,0.554929693,0.697747119,0.715544264,0.004105150,-0.033593331
1762457106.845719,-0.046084867,-0.012235553,0.004123387,0.000889073,0.000179307,0.001174213,0.571621239,-0.001860495,0.255040452,0.001010542,0.695617504,-0.001310778,0.718410432,1,3,-3.101193313,-0.054185557,1.595315520,0.232939258,0.073467632,0.554799374,0.697594681,0.715695780,0.004463951,-0.033485589
1762457106.915863,-0.038620867,0.014433447,0.003989387,0.000469073,-0.000694693,0.000338213,0.571952101,-0.001861566,0.255086904,0.001010515,0.695595194,-0.001310803,0.718432033,1,3,-3.102008690,-0.054331108,1.595368039,0.232893826,0.073460372,0.554706002,0.697587071,0.715711813,0.004805683,-0.033253341
1762457106.952649,-0.032680867,0.004997447,0.063782387,0.000060073,0.000247307,0.000269213,0.572115773,-0.001862095,0.255134727,0.001010483,0.695570242,-0.001310840,0.718456191,1,3,-3.102347694,-0.056477529,1.595332011,0.232783114,0.073439305,0.554475928,0.697569769,0.715691850,0.005677088,-0.033902286
1762457107.016995,-0.046438867,-0.007885553,0.011581387,0.000479073,0.000269307,0.001109213,0.572399511,-0.001863013,0.255409356,0.001010250,0.695402673,-0.001311119,0.718618385,1,3,-3.100341204,-0.052716154,1.595083254,0.232885807,0.073484822,0.554863142,0.697688012,0.715620068,0.003649785,-0.033257115
1762457107.060283,-0.024101867,-0.002669553,0.023003387,0.000353073,-0.000902693,0.001795213,0.572579871,-0.001863596,0.255488295,0.001010164,0.695340591,-0.001311221,0.718678456,1,3,-3.101969144,-0.055992972,1.595481262,0.232728491,0.073448196,0.554590873,0.697518118,0.715746489,0.005369899,-0.033861510
1762457107.087754,-0.000362867,-0.022228553,-0.012453613,-0.000400927,-0.001335693,0.000523213,0.572688329,-0.001863947,0.255560188,0.001010058,0.695265018,-0.001311350,0.718751567,1,3,-3.100810909,-0.054033230,1.595300886,0.232774336,0.073469094,0.554778926,0.697596052,0.715691907,0.004274163,-0.033564486
1762457107.159312,-0.024645867,0.000426447,0.040938387,0.000074073,0.000407307,0.001358213,0.572970895,-0.001864863,0.255944462,0.001009615,0.694950824,-0.001311889,0.719055361,1,3,-3.100705532,-0.055918812,1.595379318,0.232710643,0.073450962,0.554630007,0.697534334,0.715714399,0.004893539,-0.034275440
1762457107.226603,-0.023563867,-0.015831553,0.001958387,-0.000030927,0.000151307,0.001203213,0.573220770,-0.001865671,0.256276188,0.001009278,0.694711382,-0.001312296,0.719286699,1,3,-3.101720714,-0.055973216,1.594962673,0.232703011,0.073445498,0.554604483,0.697699806,0.715566326,0.005282896,-0.033939721
1762457107.268081,-0.039204867,0.005819447,0.023594387,0.000335073,-0.000676693,0.000805213,0.573364831,-0.001866138,0.256508987,0.001008989,0.694507295,-0.001312648,0.719483757,1,3,-3.101124082,-0.056454632,1.595123263,0.232726924,0.073454047,0.554660785,0.697623984,0.715622449,0.005234809,-0.034320326
1762457107.328995,-0.054087867,0.002112447,0.011701387,0.000063073,-0.000821693,0.000349213,0.573567472,-0.001866795,0.256842897,0.001008569,0.694210225,-0.001313161,0.719770395,1,3,-3.099865704,-0.055337183,1.595022263,0.232773272,0.073469433,0.554757041,0.697657631,0.715593403,0.004396042,-0.034359651
1762457107.365500,-0.008101867,-0.065119553,0.007631387,0.000301073,-0.001313693,0.001162213,0.573679832,-0.001867159,0.257029029,0.001008333,0.694044127,-0.001313447,0.719930558,1,3,-3.102209686,-0.055396634,1.594969026,0.232692410,0.073438915,0.554549138,0.697715476,0.715569007,0.005256364,-0.033563089
1762457107.429264,-0.046386867,0.013614447,0.009407387,0.000327073,0.000245307,0.000088213,0.573868853,-0.001867772,0.257343899,0.001007934,0.693762228,-0.001313933,0.720202213,1,3,-3.102293564,-0.055282690,1.595292372,0.232694946,0.073443932,0.554571138,0.697603087,0.715681926,0.005241164,-0.033493951
1762457107.469414,-0.023562867,0.005247447,0.008415387,0.000754073,-0.000422693,0.001337213,0.573985372,-0.001868149,0.257538474,0.001007687,0.693587897,-0.001314233,0.720370103,1,3,-3.101060175,-0.056612496,1.595245666,0.232691836,0.073440971,0.554540532,0.697576386,0.715664830,0.005264966,-0.034399363
1762457107.535772,-0.047244867,-0.011044553,0.038962387,-0.000062927,-0.000492693,0.000736213,0.574161877,-0.001868721,0.257833629,0.001007312,0.693323470,-0.001314688,0.720624606,1,3,-3.102124567,-0.056293742,1.595469734,0.232688297,0.073440222,0.554528528,0.697519803,0.715741100,0.005530732,-0.033914794
1762457107.573303,-0.046301867,0.006291447,0.004385387,0.000068073,-0.000690693,0.000177213,0.574258310,-0.001869034,0.257996342,0.001007106,0.693178075,-0.001314938,0.720764464,1,3,-3.102997621,-0.055313107,1.595349707,0.232659421,0.073435623,0.554462815,0.697593814,0.715699939,0.005502772,-0.033259403
1762457107.638481,-0.001623867,-0.001792553,0.039002387,-0.000032927,-0.001145693,0.000241213,0.574416528,-0.001869547,0.258261578,0.001006770,0.692940483,-0.001315347,0.720992887,1,3,-3.101533010,-0.057898415,1.594573396,0.232685331,0.073440221,0.554530256,0.697802955,0.715424871,0.005894862,-0.034692089
1762457107.677566,-0.039440867,0.014024447,0.033342387,0.000458073,-0.000556693,0.000700213,0.574508499,-0.001869845,0.258417237,0.001006571,0.692800127,-0.001315588,0.721127756,1,3,-3.101458348,-0.054819808,1.595150416,0.232778227,0.073471576,0.554765540,0.697647605,0.715635852,0.004783042,-0.033619473
1762457107.742103,-0.032124867,-0.015542553,0.041106387,0.000086073,-0.000466693,0.001297213,0.574650021,-0.001870303,0.258655030,0.001006269,0.692587141,-0.001315954,0.721332314,1,3,-3.103015851,-0.056484106,1.595170512,0.232615441,0.073420193,0.554368036,0.697638735,0.715633559,0.005921200,-0.033671114
1762457107.786372,-0.076767867,0.006680447,0.009737387,-0.000090927,-0.000845693,-0.000465787,0.574712280,-0.001870505,0.258759743,0.001006136,0.692493356,-0.001316115,0.721422350,1,3,-3.101249596,-0.057368764,1.594666394,0.232661920,0.073435089,0.554487641,0.697773914,0.715459873,0.005606857,-0.034601985
1762457107.845394,-0.032242867,-0.011845553,0.038154387,-0.000054927,-0.000065693,0.002014213,0.574733220,-0.001870573,0.258797026,0.001006090,0.692460570,-0.001316171,0.721453820,1,3,-3.100644170,-0.054465929,1.595314941,0.232799296,0.073475725,0.554815125,0.697580956,0.715696056,0.004365354,-0.033777347
1762457107.886537,0.037525133,-0.038436553,-0.002349613,-0.000220927,-0.002087693,0.000456213,0.574805395,-0.001870807,0.258918520,0.001005936,0.692351761,-0.001316357,0.721558240,1,3,-3.102008268,-0.055256827,1.595331476,0.232721572,0.073452378,0.554620225,0.697584742,0.715696382,0.005129386,-0.033584317
1762457107.924697,-0.008744867,-0.026924553,0.019584387,-0.000277927,-0.001165693,0.000683213,0.574837512,-0.001870911,0.258974341,0.001005863,0.692300529,-0.001316446,0.721607395,1,3,-3.100702002,-0.056413234,1.594969510,0.232779796,0.073478472,0.554752639,0.697672448,0.715570028,0.005071975,-0.034452366
1762457107.991859,-0.024137867,0.013256447,0.023366387,0.000336073,0.000196307,0.001221213,0.574844344,-0.001870933,0.258985850,0.001005849,0.692290222,-0.001316463,0.721617284,1,3,-3.101662519,-0.055565459,1.595026373,0.232663898,0.073436316,0.554482172,0.697682909,0.715589926,0.005118588,-0.033814455
1762457108.055733,-0.039654867,0.001679447,0.035360387,0.000198073,-0.000971693,0.001604213,0.574846025,-0.001870939,0.258988682,0.001005845,0.692287686,-0.001316468,0.721619717,1,3,-3.100646920,-0.056004602,1.595142566,0.232753151,0.073470991,0.554701725,0.697616581,0.715631720,0.004906583,-0.034325967
1762457108.090228,-0.053789867,0.000980447,0.006881387,0.000603073,-0.000004693,0.000375213,0.574846611,-0.001870940,0.258989668,0.001005844,0.692286802,-0.001316469,0.721620564,1,3,-3.101383617,-0.055938933,1.595274987,0.232673458,0.073441388,0.554510610,0.697582908,0.715676250,0.005144998,-0.034045868
1762457108.153785,-0.054320867,0.009685447,0.016816387,-0.000081927,0.000115307,0.000251213,0.574847046,-0.001870942,0.258992999,0.001005838,0.692282803,-0.001316476,0.721624401,1,3,-3.102494180,-0.057375845,1.595248576,0.232693702,0.073446495,0.554537155,0.697586899,0.715659313,0.006044607,-0.034172051
1762457108.192569,-0.039162867,-0.011546553,0.023964387,0.000351073,-0.000236693,0.001014213,0.574847427,-0.001870943,0.258993641,0.001005837,0.692282227,-0.001316477,0.721624953,1,3,-3.101560766,-0.055265922,1.595218239,0.232747130,0.073460384,0.554663348,0.697617577,0.715657989,0.004974335,-0.033743371
1762457108.262772,-0.031597867,-0.003709553,0.024141387,0.000349073,0.000422307,0.000792213,0.574848184,-0.001870946,0.258994917,0.001005836,0.692281085,-0.001316479,0.721626049,1,3,-3.101689196,-0.056163032,1.595355535,0.232644684,0.073441264,0.554432893,0.697555486,0.715702863,0.005331229,-0.034019603
1762457108.297106,-0.046437867,-0.006897553,0.017233387,0.000346073,-0.000317693,-0.000050787,0.574848184,-0.001870946,0.258994917,0.001005836,0.692281085,-0.001316479,0.721626049,1,3,-3.101006510,-0.055571124,1.595351399,0.232764074,0.073464960,0.554721729,0.697555382,0.715704921,0.004880317,-0.034046115
1762457108.364734,-0.039137867,0.018414447,0.021669387,0.000191073,-0.000261693,-0.000108787,0.574848130,-0.001870945,0.258996230,0.001005832,0.692278902,-0.001316483,0.721628143,1,3,-3.101512086,-0.054306179,1.595539680,0.232785717,0.073472934,0.554770197,0.697517783,0.715772915,0.004616397,-0.033418037
1762457108.403416,-0.047067867,0.001499447,0.035447387,0.000597073,-0.000969693,0.001360213,0.574848116,-0.001870945,0.258996565,0.001005832,0.692278346,-0.001316484,0.721628676,1,3,-3.101187219,-0.054979097,1.595622941,0.232790015,0.073482521,0.554782331,0.697471266,0.715800859,0.004733674,-0.033772103
1762457108.467704,-0.046982867,0.022444447,0.033752387,0.000446073,-0.000332693,-0.000035787,0.574848116,-0.001870945,0.258996565,0.001005832,0.692278346,-0.001316484,0.721628676,1,3,-3.102186119,-0.057393180,1.594829790,0.232620309,0.073424726,0.554372135,0.697731170,0.715514093,0.005947606,-0.034284451
1762457108.533031,-0.039365867,0.009808447,0.031310387,0.000329073,-0.000363693,0.000370213,0.574848204,-0.001870946,0.258998201,0.001005830,0.692277319,-0.001316486,0.721629661,1,3,-3.101674575,-0.055854304,1.595362440,0.232720824,0.073455351,0.554614927,0.697557989,0.715706253,0.005218079,-0.033914362
1762457108.572256,-0.054118867,0.001859447,0.016590387,0.000331073,-0.000761693,0.000352213,0.574848240,-0.001870946,0.258998861,0.001005830,0.692276905,-0.001316486,0.721630059,1,3,-3.102541002,-0.057346187,1.595234690,0.232637760,0.073435612,0.554415463,0.697593171,0.715654430,0.006051242,-0.034145077
1762457108.637738,-0.024151867,0.022160447,0.023117387,0.000329073,-0.000243693,0.001114213,0.574848156,-0.001870946,0.259000885,0.001005825,0.692273542,-0.001316492,0.721633285,1,3,-3.101699596,-0.058370958,1.594622759,0.232670486,0.073440446,0.554491737,0.697780017,0.715439979,0.006118660,-0.034802961
1762457108.677122,-0.031480867,-0.003228553,0.013569387,0.000215073,-0.000143693,0.001554213,0.574848240,-0.001870946,0.258998861,0.001005830,0.692276905,-0.001316486,0.721630059,1,3,-3.101683853,-0.055784300,1.595474464,0.232726018,0.073461941,0.554608713,0.697519239,0.715745510,0.005195057,-0.033886393
1762457108.745510,-0.023961867,0.008902447,0.020889387,0.000611073,0.000166307,0.001280213,0.574848240,-0.001870946,0.258998861,0.001005830,0.692276905,-0.001316486,0.721630059,1,3,-3.101598170,-0.056888520,1.595115443,0.232740235,0.073466501,0.554659870,0.697627502,0.715617091,0.005556099,-0.034310014
1762457108.785610,-0.016820867,-0.001793553,0.043901387,0.000223073,-0.001304693,0.000115213,0.574848240,-0.001870946,0.258998861,0.001005830,0.692276905,-0.001316486,0.721630059,1,3,-3.102369080,-0.057804005,1.594761002,0.232574481,0.073419664,0.554278713,0.697751900,0.715488129,0.006157732,-0.034367224
1762457108.846983,-0.077782867,-0.003878553,0.043557387,0.000171073,0.000438307,0.001160213,0.574847778,-0.001870944,0.258998083,0.001005831,0.692277602,-0.001316485,0.721629391,1,3,-3.101409013,-0.057047672,1.595062569,0.232694140,0.073453970,0.554547902,0.697640447,0.715598664,0.005544907,-0.034432731
1762457108.883132,-0.038964867,-0.011552553,0.025241387,0.000355073,0.000216307,-0.000509787,0.574847395,-0.001870943,0.258997439,0.001005831,0.692278179,-0.001316484,0.721628837,1,3,-3.102392853,-0.056614308,1.595198139,0.232709725,0.073455194,0.554575580,0.697616129,0.715644580,0.005743280,-0.033935044
1762457108.951461,-0.008906867,-0.010395553,0.028767387,0.000240073,-0.001270693,0.000865213,0.574847101,-0.001870942,0.258996943,0.001005832,0.692278623,-0.001316483,0.721628411,1,3,-3.101918065,-0.055700073,1.595055225,0.232772859,0.073473076,0.554721729,0.697674638,0.715598923,0.005256546,-0.033773498
1762457109.018821,-0.046461867,0.017830447,0.011439387,0.000455073,0.000052307,0.000419213,0.574847101,-0.001870942,0.258996943,0.001005832,0.692278623,-0.001316483,0.721628411,1,3,-3.101469250,-0.056105840,1.595284030,0.232726846,0.073459195,0.554630698,0.697578299,0.715678679,0.005233769,-0.034075684
1762457109.060979,-0.039050867,0.006102447,0.014518387,-0.000198927,-0.000349693,0.000039213,0.574847101,-0.001870942,0.258996943,0.001005832,0.692278623,-0.001316483,0.721628411,1,3,-3.101119861,-0.054039108,1.595901113,0.232815204,0.073487393,0.554831338,0.697386310,0.715900550,0.004376731,-0.033460141
1762457109.121606,-0.039350867,0.010427447,0.021181387,-0.000206927,-0.000705693,0.000743213,0.574847135,-0.001870942,0.258996134,0.001005834,0.692279968,-0.001316481,0.721627121,1,3,-3.101305272,-0.056126652,1.595160730,0.232767399,0.073473416,0.554717536,0.697619270,0.715636036,0.005184464,-0.034139997
1762457109.158706,-0.039337867,0.001346447,0.031431387,0.000338073,-0.000362693,0.000472213,0.574847170,-0.001870942,0.258995295,0.001005836,0.692281361,-0.001316479,0.721625784,1,3,-3.101906279,-0.056325473,1.595228785,0.232703616,0.073449968,0.554545242,0.697601783,0.715657562,0.005467789,-0.034001609
1762457109.226003,-0.054502867,-0.003391553,0.029313387,0.000196073,0.000266307,0.000403213,0.574847170,-0.001870942,0.258995295,0.001005836,0.692281361,-0.001316479,0.721625784,1,3,-3.102839547,-0.056733072,1.595078601,0.232662652,0.073437723,0.554454635,0.697664465,0.715601181,0.005946611,-0.033821328
1762457109.264181,-0.054486867,-0.003580553,0.024552387,-0.000072927,0.000644307,0.000404213,0.574847170,-0.001870942,0.258995295,0.001005836,0.692281361,-0.001316479,0.721625784,1,3,-3.102889624,-0.056712506,1.595441406,0.232690959,0.073444215,0.554507781,0.697535834,0.715727648,0.005951215,-0.033797589
1762457109.329319,-0.046829867,-0.011695553,0.023570387,0.000343073,-0.000241693,0.001524213,0.574847170,-0.001870942,0.258995295,0.001005836,0.692281361,-0.001316479,0.721625784,1,3,-3.102291849,-0.056746430,1.595337787,0.232701322,0.073456352,0.554542317,0.697562208,0.715693144,0.005750901,-0.034017901
1762457109.366761,-0.024083867,0.005679447,0.023232387,0.000345073,-0.000680693,0.001313213,0.574847170,-0.001870942,0.258995295,0.001005836,0.692281361,-0.001316479,0.721625784,1,3,-3.102709375,-0.057153014,1.595633681,0.232665543,0.073436564,0.554464394,0.697456533,0.715793739,0.006037248,-0.034018506
1762457109.433527,-0.062166867,0.018704447,0.031028387,0.000304073,-0.000803693,0.000264213,0.574847170,-0.001870942,0.258995295,0.001005836,0.692281361,-0.001316479,0.721625784,1,3,-3.101894960,-0.055810675,1.595212125,0.232805443,0.073484609,0.554790092,0.697616245,0.715653378,0.005284252,-0.033821503
1762457109.501694,-0.016015867,-0.004612553,0.008739387,0.000766073,0.000891307,0.001708213,0.574847170,-0.001870942,0.258995295,0.001005836,0.692281361,-0.001316479,0.721625784,1,3,-3.102370100,-0.056968938,1.594899018,0.232675862,0.073444142,0.554473948,0.697716764,0.715539127,0.005864072,-0.034068860
1762457109.539333,-0.038723867,0.010213447,0.006939387,0.000204073,-0.000440693,0.000002213,0.574846730,-0.001870941,0.258994555,0.001005837,0.692282024,-0.001316477,0.721625148,1,3,-3.102145331,-0.057550200,1.595194091,0.232698532,0.073454005,0.554528113,0.697597445,0.715640761,0.005981598,-0.034355884
1762457109.609449,-0.039219867,0.006185447,0.018354387,0.000066073,-0.000958693,0.001181213,0.574846784,-0.001870941,0.258992883,0.001005841,0.692284785,-0.001316473,0.721622500,1,3,-3.102396350,-0.057113821,1.595188898,0.232669400,0.073446097,0.554488689,0.697611036,0.715639683,0.005919121,-0.034112339
1762457109.675235,-0.008800867,-0.014358553,0.021846387,-0.000156927,-0.001136693,0.000532213,0.574846784,-0.001870941,0.258992883,0.001005841,0.692284785,-0.001316473,0.721622500,1,3,-3.101772164,-0.055967147,1.595282643,0.232759288,0.073472635,0.554677880,0.697586293,0.715677821,0.005293757,-0.033920451
1762457109.710621,-0.055037867,0.005945447,0.043881387,-0.000220927,-0.000431693,0.000272213,0.574846784,-0.001870941,0.258992883,0.001005841,0.692284785,-0.001316473,0.721622500,1,3,-3.101569328,-0.056266385,1.595376999,0.232719911,0.073455872,0.554598587,0.697544011,0.715710350,0.005324057,-0.034098411
1762457109.783042,-0.046947867,-0.024896553,0.021657387,-0.000182927,0.000607307,0.001676213,0.574846784,-0.001870941,0.258992883,0.001005841,0.692284785,-0.001316473,0.721622500,1,3,-3.101705436,-0.057823937,1.595317867,0.232679645,0.073453636,0.554516440,0.697540872,0.715684311,0.005917644,-0.034607523
