object,n_safety,phase,m_est_kg,zc_est_m,theta_star_est_deg,weight,weight_push,weight_retract,m_gt_kg,zc_gt_m,theta_star_gt_deg,m_error_pct,zc_error_pct,theta_star_error_pct
monitor,0.1,push,4.967,0.227,15.072,0.466,3757.959,4296.887,5.08,0.232,14.772,2.219,2.082,2.03
monitor,0.1,retract,5.155,0.229,14.93,0.533,3757.959,4296.887,5.08,0.232,14.772,1.485,1.108,1.071
monitor,0.1,weighted_avg,5.068,0.228,14.996,0.0,3757.959,4296.887,5.08,0.232,14.772,0.243,1.562,1.516
monitor,0.5,push,4.918,0.224,15.262,0.496,4111.206,4174.419,5.08,0.232,14.772,3.188,3.361,3.318
monitor,0.5,retract,5.102,0.228,15.002,0.504,4111.206,4174.419,5.08,0.232,14.772,0.428,1.606,1.559
monitor,0.5,weighted_avg,5.011,0.226,15.13,0.0,4111.206,4174.419,5.08,0.232,14.772,1.366,2.477,2.424
monitor,0.65,push,4.884,0.219,15.591,0.725,4040.182,1533.201,5.08,0.232,14.772,3.862,5.502,5.546
monitor,0.65,retract,5.073,0.225,15.218,0.275,4040.182,1533.201,5.08,0.232,14.772,0.135,3.065,3.018
monitor,0.65,weighted_avg,4.936,0.22,15.487,0.0,4040.182,1533.201,5.08,0.232,14.772,2.837,4.832,4.839
